drive_id,relative_path,local_path
1VrqG-RnJeSCjgcsN9n_vVbV1dTlEVIO3,189576516-34-64771001/64771001.txt,/Users/tanishqjadhav/Desktop/Extractor/data/raw/189576516-34-64771001/64771001.txt
1FcAiDhHhSwQzd_iNHiBcXYDoRSWtfann,189576516-34-64771001/64771001_640x480_top.png,/Users/tanishqjadhav/Desktop/Extractor/data/raw/189576516-34-64771001/64771001_640x480_top.png
15bR8j4HJL8bwGSAweNK2nOUsGAlHlTLs,189576516-34-64771001/64771001_640x480_left.png,/Users/tanishqjadhav/Desktop/Extractor/data/raw/189576516-34-64771001/64771001_640x480_left.png
1_ATLzhTquJqa1215NC0rln_VCAC9MlXl,189576516-34-64771001/64771001_640x480_right.png,/Users/tanishqjadhav/Desktop/Extractor/data/raw/189576516-34-64771001/64771001_640x480_right.png
1Wxmn688XGrXLwFImoj5-n88LERMVMDUZ,189576516-34-64771001/64771001_640x480_front.png,/Users/tanishqjadhav/Desktop/Extractor/data/raw/189576516-34-64771001/64771001_640x480_front.png
1ESkBQ28CKlSIDQQNSQXdvx-JiWbbIi12,189576516-34-64771001/64771001_640x480_bottom.png,/Users/tanishqjadhav/Desktop/Extractor/data/raw/189576516-34-64771001/64771001_640x480_bottom.png
1lVxWMgB6pK0cPZhFCCb9CN1DSLPtM6OC,189576516-34-64771001/64771001_640x480_iso.png,/Users/tanishqjadhav/Desktop/Extractor/data/raw/189576516-34-64771001/64771001_640x480_iso.png
1JsUpHMfeq0U1Rl91Br-LpQtjkHuZPNyi,189576516-34-64771001/64771001_640x480_back.png,/Users/tanishqjadhav/Desktop/Extractor/data/raw/189576516-34-64771001/64771001_640x480_back.png
1iOv3ZM2m_eP3gmZQb1DcfyVBGp1bwjbD,"DIN 787 Metric Size, Steel T-Slot Bolts/787-6-m6-25_640x480_left.png","/Users/tanishqjadhav/Desktop/Extractor/data/raw/DIN 787 Metric Size, Steel T-Slot Bolts/787-6-m6-25_640x480_left.png"
1FWvFfhSIbVKFF9CripLY3jWyiXGLYbyw,"DIN 787 Metric Size, Steel T-Slot Bolts/787-6-m6-25_640x480_top.png","/Users/tanishqjadhav/Desktop/Extractor/data/raw/DIN 787 Metric Size, Steel T-Slot Bolts/787-6-m6-25_640x480_top.png"
1wGDOerJOyOxWQYk9chJo72U81jBHbCK9,"DIN 787 Metric Size, Steel T-Slot Bolts/787-6-m6-25_640x480_bottom.png","/Users/tanishqjadhav/Desktop/Extractor/data/raw/DIN 787 Metric Size, Steel T-Slot Bolts/787-6-m6-25_640x480_bottom.png"
1czLah4gFQ5XQavBK6Hlx66LfcHEIUjBn,"DIN 787 Metric Size, Steel T-Slot Bolts/787-6-m6-25_640x480_back.png","/Users/tanishqjadhav/Desktop/Extractor/data/raw/DIN 787 Metric Size, Steel T-Slot Bolts/787-6-m6-25_640x480_back.png"
1iIdvtxAcOT-E9jMSWumHVglB50ttrmrA,"DIN 787 Metric Size, Steel T-Slot Bolts/787-6-m6-25_640x480_iso.png","/Users/tanishqjadhav/Desktop/Extractor/data/raw/DIN 787 Metric Size, Steel T-Slot Bolts/787-6-m6-25_640x480_iso.png"
1deoU5WtMqrWnTpfSQ5zE8jcwBKQYguVB,"DIN 787 Metric Size, Steel T-Slot Bolts/787-6-m6-25_640x480_front.png","/Users/tanishqjadhav/Desktop/Extractor/data/raw/DIN 787 Metric Size, Steel T-Slot Bolts/787-6-m6-25_640x480_front.png"
1OcScjybxC6k3A0E2_e5PP57igAygZKOt,"DIN 787 Metric Size, Steel T-Slot Bolts/787-6-m6-25_640x480_right.png","/Users/tanishqjadhav/Desktop/Extractor/data/raw/DIN 787 Metric Size, Steel T-Slot Bolts/787-6-m6-25_640x480_right.png"
1ZynlOozq7_J8MVnjhOfw9NOJQigKj-9h,"DIN 787 Metric Size, Steel T-Slot Bolts/787-6-m6-25.txt","/Users/tanishqjadhav/Desktop/Extractor/data/raw/DIN 787 Metric Size, Steel T-Slot Bolts/787-6-m6-25.txt"
1Ybv43_VM4gUkctSNuZGgVf-Gcand5Xjs,189576496-34-tec_6/tec_6_640x480_top.png,/Users/tanishqjadhav/Desktop/Extractor/data/raw/189576496-34-tec_6/tec_6_640x480_top.png
1cgBxK15rurDjnSJBOyW8nahxtXdocsy3,189576496-34-tec_6/tec_6.txt,/Users/tanishqjadhav/Desktop/Extractor/data/raw/189576496-34-tec_6/tec_6.txt
12-UcIfC3VSEFW4lOopHELLnZipUUTTQQ,189576496-34-tec_6/tec_6_640x480_back.png,/Users/tanishqjadhav/Desktop/Extractor/data/raw/189576496-34-tec_6/tec_6_640x480_back.png
1KT-iAtWgz91nL0il7reyfwzVt-_jdgQj,189576496-34-tec_6/tec_6_640x480_iso.png,/Users/tanishqjadhav/Desktop/Extractor/data/raw/189576496-34-tec_6/tec_6_640x480_iso.png
1Y4QkBDLnj4VEu4SgVWrB_yc2CGy68UV7,189576496-34-tec_6/tec_6_640x480_left.png,/Users/tanishqjadhav/Desktop/Extractor/data/raw/189576496-34-tec_6/tec_6_640x480_left.png
1NjlTvaWcqIW3nPOjpGqCU_0UF0kY4zz2,189576496-34-tec_6/tec_6_640x480_bottom.png,/Users/tanishqjadhav/Desktop/Extractor/data/raw/189576496-34-tec_6/tec_6_640x480_bottom.png
1M2uWW6qQZaO6pN4C_p4EDpXnqCmGKtbM,189576496-34-tec_6/tec_6_640x480_right.png,/Users/tanishqjadhav/Desktop/Extractor/data/raw/189576496-34-tec_6/tec_6_640x480_right.png
1PDNFFkB7pe_UCGG5JCF_g4u7nZty8M5U,189576496-34-tec_6/tec_6_640x480_front.png,/Users/tanishqjadhav/Desktop/Extractor/data/raw/189576496-34-tec_6/tec_6_640x480_front.png
11f13yXAYzWRYH3pwqpmVKnVC-i5ZoTwQ,189576545-34-1204/1204.txt,/Users/tanishqjadhav/Desktop/Extractor/data/raw/189576545-34-1204/1204.txt
1MtURgw5ajscButsCV-iRHZu1BCc98jPb,189576545-34-1204/1204_640x480_bottom.png,/Users/tanishqjadhav/Desktop/Extractor/data/raw/189576545-34-1204/1204_640x480_bottom.png
191XykZJOun10egCMUjJCzoAgC0i22yur,189576545-34-1204/1204_640x480_left.png,/Users/tanishqjadhav/Desktop/Extractor/data/raw/189576545-34-1204/1204_640x480_left.png
17meotaEDbUpnC-QXMI-HvU6-KIIMbqYs,189576545-34-1204/1204_640x480_back.png,/Users/tanishqjadhav/Desktop/Extractor/data/raw/189576545-34-1204/1204_640x480_back.png
1q72VvciZ5jcOizvTcwCllr25pXo6vrew,189576545-34-1204/1204_640x480_front.png,/Users/tanishqjadhav/Desktop/Extractor/data/raw/189576545-34-1204/1204_640x480_front.png
15cGqPDj6b8FvsCbUc3uiTrPNvpiHAhzM,189576545-34-1204/1204_640x480_top.png,/Users/tanishqjadhav/Desktop/Extractor/data/raw/189576545-34-1204/1204_640x480_top.png
1d9mg92mBg3-bJLKpyvp677MI6qF10cQ9,189576545-34-1204/1204_640x480_iso.png,/Users/tanishqjadhav/Desktop/Extractor/data/raw/189576545-34-1204/1204_640x480_iso.png
16ge5fN6sPXYHXnv6j_CKpab_QmizAI7Z,189576545-34-1204/1204_640x480_right.png,/Users/tanishqjadhav/Desktop/Extractor/data/raw/189576545-34-1204/1204_640x480_right.png
1uYBLW96TXepRe43jL865VTURPTnrUyN_,189576583-34-02462141/02462141_640x480_bottom.png,/Users/tanishqjadhav/Desktop/Extractor/data/raw/189576583-34-02462141/02462141_640x480_bottom.png
14izURCchQTsXjp4ZVTEv8ynJ0uO1H4Ss,189576583-34-02462141/02462141_640x480_iso.png,/Users/tanishqjadhav/Desktop/Extractor/data/raw/189576583-34-02462141/02462141_640x480_iso.png
1UpRoYLP8rXUjmqHC16DsYdwIL9ltrkxX,189576583-34-02462141/02462141_640x480_left.png,/Users/tanishqjadhav/Desktop/Extractor/data/raw/189576583-34-02462141/02462141_640x480_left.png
1Q1Ucab1GLzb5YdjfZ4-VtkVB3Sda7K_z,189576583-34-02462141/02462141_640x480_top.png,/Users/tanishqjadhav/Desktop/Extractor/data/raw/189576583-34-02462141/02462141_640x480_top.png
1TIXP-O7bSm3yPBsI98e8pGG6YIrns7rQ,189576583-34-02462141/02462141_640x480_back.png,/Users/tanishqjadhav/Desktop/Extractor/data/raw/189576583-34-02462141/02462141_640x480_back.png
1UukfJZoW1LSliNoL8VRoxNlU32BvqI74,189576583-34-02462141/02462141_640x480_right.png,/Users/tanishqjadhav/Desktop/Extractor/data/raw/189576583-34-02462141/02462141_640x480_right.png
1YZNdcVQEJ5GxCe8MX5gM1np38yJsVasx,189576583-34-02462141/02462141_640x480_front.png,/Users/tanishqjadhav/Desktop/Extractor/data/raw/189576583-34-02462141/02462141_640x480_front.png
156lsuuN9F9DJwd1q_sKCinjiftTSLSz4,189576583-34-02462141/02462141.txt,/Users/tanishqjadhav/Desktop/Extractor/data/raw/189576583-34-02462141/02462141.txt
1NzKL4uMzV0zRxJUNo9tmQkmd9PuzPlfQ,189576417-34-2453652/2453652_640x480_left.png,/Users/tanishqjadhav/Desktop/Extractor/data/raw/189576417-34-2453652/2453652_640x480_left.png
1kXgo7zQfB3bqda40ItwCpVYDc_ZjTNfs,189576417-34-2453652/2453652_640x480_back.png,/Users/tanishqjadhav/Desktop/Extractor/data/raw/189576417-34-2453652/2453652_640x480_back.png
1wtWIK7UjBjQVAxKeOYKi-CwQa__dC-1s,189576417-34-2453652/2453652_640x480_right.png,/Users/tanishqjadhav/Desktop/Extractor/data/raw/189576417-34-2453652/2453652_640x480_right.png
1iCiEvlCPbIivesSNbZ9Ar8SlnnAo1y2d,189576417-34-2453652/2453652_640x480_bottom.png,/Users/tanishqjadhav/Desktop/Extractor/data/raw/189576417-34-2453652/2453652_640x480_bottom.png
1FmXeTvTURgdnH9aL8mZI-m2F5j1DTfzt,189576417-34-2453652/2453652_640x480_iso.png,/Users/tanishqjadhav/Desktop/Extractor/data/raw/189576417-34-2453652/2453652_640x480_iso.png
1OJElWONlBZ8FbmAUe6Whebvos2S-n9SO,189576417-34-2453652/2453652_640x480_front.png,/Users/tanishqjadhav/Desktop/Extractor/data/raw/189576417-34-2453652/2453652_640x480_front.png
1ohl-pL1-L-JIL-mqIbCtIcwvBSpPynQI,189576417-34-2453652/2453652.txt,/Users/tanishqjadhav/Desktop/Extractor/data/raw/189576417-34-2453652/2453652.txt
1qMMVAkDt1GpA12DvmYJlKxW7ieS7r8cm,189576417-34-2453652/2453652_640x480_top.png,/Users/tanishqjadhav/Desktop/Extractor/data/raw/189576417-34-2453652/2453652_640x480_top.png
1Fknf5T3oS_LIoNJFrNF5gbtiUfKLHvks,189576454-34-633-40-m5-16-dsg/633-40-m5-16-dsg_640x480_top.png,/Users/tanishqjadhav/Desktop/Extractor/data/raw/189576454-34-633-40-m5-16-dsg/633-40-m5-16-dsg_640x480_top.png
1uBzcUNphGXSIT9s2qLdNcx54jNv7vEDn,189576454-34-633-40-m5-16-dsg/633-40-m5-16-dsg_640x480_front.png,/Users/tanishqjadhav/Desktop/Extractor/data/raw/189576454-34-633-40-m5-16-dsg/633-40-m5-16-dsg_640x480_front.png
1Wl58dfSww-dzMrtaOPRkuhap9NQgtKZO,189576454-34-633-40-m5-16-dsg/633-40-m5-16-dsg_640x480_right.png,/Users/tanishqjadhav/Desktop/Extractor/data/raw/189576454-34-633-40-m5-16-dsg/633-40-m5-16-dsg_640x480_right.png
17i3R4Sx3PRj0LOLPYCtKZiU4X8hl_0Gr,189576454-34-633-40-m5-16-dsg/633-40-m5-16-dsg_640x480_left.png,/Users/tanishqjadhav/Desktop/Extractor/data/raw/189576454-34-633-40-m5-16-dsg/633-40-m5-16-dsg_640x480_left.png
1DWCjJQfu_FWbPcKD_OeDiROI3pOvLkaH,189576454-34-633-40-m5-16-dsg/633-40-m5-16-dsg_640x480_iso.png,/Users/tanishqjadhav/Desktop/Extractor/data/raw/189576454-34-633-40-m5-16-dsg/633-40-m5-16-dsg_640x480_iso.png
1KeoKg3o7rKQdMmOuVMCek8JYNq2DW-JD,189576454-34-633-40-m5-16-dsg/633-40-m5-16-dsg.txt,/Users/tanishqjadhav/Desktop/Extractor/data/raw/189576454-34-633-40-m5-16-dsg/633-40-m5-16-dsg.txt
1RxqA10NuvXrNsew1Y350JD3bSB8M0lxH,189576454-34-633-40-m5-16-dsg/633-40-m5-16-dsg_640x480_back.png,/Users/tanishqjadhav/Desktop/Extractor/data/raw/189576454-34-633-40-m5-16-dsg/633-40-m5-16-dsg_640x480_back.png
1TDcb45_hpLb2IZM6ynuAIvXrVznuhEGs,189576454-34-633-40-m5-16-dsg/633-40-m5-16-dsg_640x480_bottom.png,/Users/tanishqjadhav/Desktop/Extractor/data/raw/189576454-34-633-40-m5-16-dsg/633-40-m5-16-dsg_640x480_bottom.png
1_SbFXXH7EYk9bL17spZO7Ibw2IUZSGhC,189576446-34-16-240-46-6-16/16-240-46-6-16_640x480_front.png,/Users/tanishqjadhav/Desktop/Extractor/data/raw/189576446-34-16-240-46-6-16/16-240-46-6-16_640x480_front.png
17b9VXrGba3UIA6Q9KNJ-0XD6eyVRXrcs,189576446-34-16-240-46-6-16/16-240-46-6-16.txt,/Users/tanishqjadhav/Desktop/Extractor/data/raw/189576446-34-16-240-46-6-16/16-240-46-6-16.txt
1GvcmKO5DtLb_JwEJIuuPsMvXUJyJ67Ot,189576446-34-16-240-46-6-16/16-240-46-6-16_640x480_bottom.png,/Users/tanishqjadhav/Desktop/Extractor/data/raw/189576446-34-16-240-46-6-16/16-240-46-6-16_640x480_bottom.png
1reeG3JtnMZ748GkL_MyW_3IUo3OWnouC,189576446-34-16-240-46-6-16/16-240-46-6-16_640x480_iso.png,/Users/tanishqjadhav/Desktop/Extractor/data/raw/189576446-34-16-240-46-6-16/16-240-46-6-16_640x480_iso.png
1trsKhLFnEfIHH_qpDdtUZyxJhBBbpup_,189576446-34-16-240-46-6-16/16-240-46-6-16_640x480_top.png,/Users/tanishqjadhav/Desktop/Extractor/data/raw/189576446-34-16-240-46-6-16/16-240-46-6-16_640x480_top.png
1TYpZgrwgsO2vzrXv1uxgxITymTUgav0x,189576446-34-16-240-46-6-16/16-240-46-6-16_640x480_right.png,/Users/tanishqjadhav/Desktop/Extractor/data/raw/189576446-34-16-240-46-6-16/16-240-46-6-16_640x480_right.png
1aokKgOtgXXIJiJIzzpfD2v6WSAYhlciy,189576446-34-16-240-46-6-16/16-240-46-6-16_640x480_left.png,/Users/tanishqjadhav/Desktop/Extractor/data/raw/189576446-34-16-240-46-6-16/16-240-46-6-16_640x480_left.png
1GOr01ZR8G3uim4_A-8502YwGjqfwpsWw,189576446-34-16-240-46-6-16/16-240-46-6-16_640x480_back.png,/Users/tanishqjadhav/Desktop/Extractor/data/raw/189576446-34-16-240-46-6-16/16-240-46-6-16_640x480_back.png
1Fvo1qsJBrXGpjanzK_OVdmh-B_Ci-J_S,189576443-34-16-140-20-4-6/16-140-20-4-6_640x480_back.png,/Users/tanishqjadhav/Desktop/Extractor/data/raw/189576443-34-16-140-20-4-6/16-140-20-4-6_640x480_back.png
1zFEh1eIysVYMam9TqIvGl65c6dNADLeh,189576443-34-16-140-20-4-6/16-140-20-4-6_640x480_bottom.png,/Users/tanishqjadhav/Desktop/Extractor/data/raw/189576443-34-16-140-20-4-6/16-140-20-4-6_640x480_bottom.png
1Yy19Kxe8FCbHV8XrBWAq5e0gfFMnoFc8,189576443-34-16-140-20-4-6/16-140-20-4-6_640x480_left.png,/Users/tanishqjadhav/Desktop/Extractor/data/raw/189576443-34-16-140-20-4-6/16-140-20-4-6_640x480_left.png
1HTZhWupmzyshba2SzXtJptnuih01LWvl,189576443-34-16-140-20-4-6/16-140-20-4-6_640x480_top.png,/Users/tanishqjadhav/Desktop/Extractor/data/raw/189576443-34-16-140-20-4-6/16-140-20-4-6_640x480_top.png
1CmlvqDQGGi4v-o4EAEFStLU0hbN7OaaQ,189576443-34-16-140-20-4-6/16-140-20-4-6.txt,/Users/tanishqjadhav/Desktop/Extractor/data/raw/189576443-34-16-140-20-4-6/16-140-20-4-6.txt
16xTh8tHaMgawinSw-ED8HEo254uiuHXz,189576443-34-16-140-20-4-6/16-140-20-4-6_640x480_front.png,/Users/tanishqjadhav/Desktop/Extractor/data/raw/189576443-34-16-140-20-4-6/16-140-20-4-6_640x480_front.png
100KKPGfm4sr0Rdp_bIjqC4Ctr60bbK0R,189576443-34-16-140-20-4-6/16-140-20-4-6_640x480_right.png,/Users/tanishqjadhav/Desktop/Extractor/data/raw/189576443-34-16-140-20-4-6/16-140-20-4-6_640x480_right.png
1dP_0GFy8Fh1lZOIYtohaVq6yvJSHttAd,189576443-34-16-140-20-4-6/16-140-20-4-6_640x480_iso.png,/Users/tanishqjadhav/Desktop/Extractor/data/raw/189576443-34-16-140-20-4-6/16-140-20-4-6_640x480_iso.png
19bOz2BlnEC2JAji7ej_RGmy-4NeRsWze,189576381-34-bouloncem6_20nfe27-312rapp/bouloncem6_20nfe27-312rapp_640x480_left.png,/Users/tanishqjadhav/Desktop/Extractor/data/raw/189576381-34-bouloncem6_20nfe27-312rapp/bouloncem6_20nfe27-312rapp_640x480_left.png
1M4U4fLHIvBYQXwoGmIWnKUbZG3sBSYNf,189576381-34-bouloncem6_20nfe27-312rapp/bouloncem6_20nfe27-312rapp_640x480_back.png,/Users/tanishqjadhav/Desktop/Extractor/data/raw/189576381-34-bouloncem6_20nfe27-312rapp/bouloncem6_20nfe27-312rapp_640x480_back.png
1GqQZK8T0xT848Xw5-e0q1iJ6pzl-nTbG,189576381-34-bouloncem6_20nfe27-312rapp/bouloncem6_20nfe27-312rapp_640x480_top.png,/Users/tanishqjadhav/Desktop/Extractor/data/raw/189576381-34-bouloncem6_20nfe27-312rapp/bouloncem6_20nfe27-312rapp_640x480_top.png
1jGHckK_GA0_164k30pWXWL9NYS3TsyR-,189576381-34-bouloncem6_20nfe27-312rapp/bouloncem6_20nfe27-312rapp_640x480_bottom.png,/Users/tanishqjadhav/Desktop/Extractor/data/raw/189576381-34-bouloncem6_20nfe27-312rapp/bouloncem6_20nfe27-312rapp_640x480_bottom.png
1LuiANhs0dJuM7cgOFxehONUSipzPRbgs,189576381-34-bouloncem6_20nfe27-312rapp/bouloncem6_20nfe27-312rapp_640x480_right.png,/Users/tanishqjadhav/Desktop/Extractor/data/raw/189576381-34-bouloncem6_20nfe27-312rapp/bouloncem6_20nfe27-312rapp_640x480_right.png
1W9q6GPkfjbFVw8nSJEMtCjC1YWaZVgYX,189576381-34-bouloncem6_20nfe27-312rapp/bouloncem6_20nfe27-312rapp_640x480_iso.png,/Users/tanishqjadhav/Desktop/Extractor/data/raw/189576381-34-bouloncem6_20nfe27-312rapp/bouloncem6_20nfe27-312rapp_640x480_iso.png
17c1_VgnoY2bIOTPriysoV7BdAJiMgVCU,189576381-34-bouloncem6_20nfe27-312rapp/bouloncem6_20nfe27-312rapp_640x480_front.png,/Users/tanishqjadhav/Desktop/Extractor/data/raw/189576381-34-bouloncem6_20nfe27-312rapp/bouloncem6_20nfe27-312rapp_640x480_front.png
1Gc6aVb0XP-fZSXXwED3MLAZMisIujvlP,189576381-34-bouloncem6_20nfe27-312rapp/bouloncem6_20nfe27-312rapp.txt,/Users/tanishqjadhav/Desktop/Extractor/data/raw/189576381-34-bouloncem6_20nfe27-312rapp/bouloncem6_20nfe27-312rapp.txt
1ddCRgSpbDfDVLmTwJR_I8NBI4Z1Y472V,189576395-34-2453650/2453650_640x480_front.png,/Users/tanishqjadhav/Desktop/Extractor/data/raw/189576395-34-2453650/2453650_640x480_front.png
13WI1ZmZwpJEnPYp264d1TThXTzd8sF8H,189576395-34-2453650/2453650_640x480_iso.png,/Users/tanishqjadhav/Desktop/Extractor/data/raw/189576395-34-2453650/2453650_640x480_iso.png
1QrYDG13N1IVOmUR-ROIAAWNb02OXSrxa,189576395-34-2453650/2453650_640x480_bottom.png,/Users/tanishqjadhav/Desktop/Extractor/data/raw/189576395-34-2453650/2453650_640x480_bottom.png
1Cpw8ZNszhA-thZ0Kp_RIOlDmUeQYy2cJ,189576395-34-2453650/2453650_640x480_left.png,/Users/tanishqjadhav/Desktop/Extractor/data/raw/189576395-34-2453650/2453650_640x480_left.png
1qPauQCAHkhFSODUC0CEjLmQ8jCQar7Yq,189576395-34-2453650/2453650_640x480_top.png,/Users/tanishqjadhav/Desktop/Extractor/data/raw/189576395-34-2453650/2453650_640x480_top.png
1NA5XliXUCdeNVbRU_PMfuq9M6fvr8M8l,189576395-34-2453650/2453650_640x480_right.png,/Users/tanishqjadhav/Desktop/Extractor/data/raw/189576395-34-2453650/2453650_640x480_right.png
1oidebREmriHKc6qNivJDAu9LkyBFET7a,189576395-34-2453650/2453650.txt,/Users/tanishqjadhav/Desktop/Extractor/data/raw/189576395-34-2453650/2453650.txt
1_RPm86_agB82Mgym5zGvv_gpCY0IqLN7,189576395-34-2453650/2453650_640x480_back.png,/Users/tanishqjadhav/Desktop/Extractor/data/raw/189576395-34-2453650/2453650_640x480_back.png
1nroztzGqGUXenGvM63VqDJVE65mdLSuw,189576369-34-ebtf3/ebtf3_640x480_bottom.png,/Users/tanishqjadhav/Desktop/Extractor/data/raw/189576369-34-ebtf3/ebtf3_640x480_bottom.png
18hUKDP_Jq5h21NLDrblldlJjzuitQUFn,189576369-34-ebtf3/ebtf3_640x480_left.png,/Users/tanishqjadhav/Desktop/Extractor/data/raw/189576369-34-ebtf3/ebtf3_640x480_left.png
1jnbexu8Byj2q_h0MoKPMARuiHzqzj-8B,189576369-34-ebtf3/ebtf3_640x480_iso.png,/Users/tanishqjadhav/Desktop/Extractor/data/raw/189576369-34-ebtf3/ebtf3_640x480_iso.png
1Ji0JE7aD7praZLvVjJmoELdL1eTDSG-v,189576369-34-ebtf3/ebtf3.txt,/Users/tanishqjadhav/Desktop/Extractor/data/raw/189576369-34-ebtf3/ebtf3.txt
1AGOMBkmQET9FBPdrTZoQF185sNMpzFUQ,189576369-34-ebtf3/ebtf3_640x480_front.png,/Users/tanishqjadhav/Desktop/Extractor/data/raw/189576369-34-ebtf3/ebtf3_640x480_front.png
1TYSKPfDgVWJkn_BWo3BxcuPmxw1no5mW,189576369-34-ebtf3/ebtf3_640x480_right.png,/Users/tanishqjadhav/Desktop/Extractor/data/raw/189576369-34-ebtf3/ebtf3_640x480_right.png
1fRmEInIrVMYZ5zfq6xwEi17s0RwBLsuj,189576369-34-ebtf3/ebtf3_640x480_top.png,/Users/tanishqjadhav/Desktop/Extractor/data/raw/189576369-34-ebtf3/ebtf3_640x480_top.png
1UHVpARTMTDNx6bMch1BO5HffCjHFI8wO,189576369-34-ebtf3/ebtf3_640x480_back.png,/Users/tanishqjadhav/Desktop/Extractor/data/raw/189576369-34-ebtf3/ebtf3_640x480_back.png
1vlymFBQs1lHVO-oIwdJK4WLJc6iLFZCy,189576449-34-16-280-32-4-10/16-280-32-4-10_640x480_front.png,/Users/tanishqjadhav/Desktop/Extractor/data/raw/189576449-34-16-280-32-4-10/16-280-32-4-10_640x480_front.png
1cxhy6VQ7dTMrdFVhf7abbG5ImvjW9XrS,189576449-34-16-280-32-4-10/16-280-32-4-10_640x480_back.png,/Users/tanishqjadhav/Desktop/Extractor/data/raw/189576449-34-16-280-32-4-10/16-280-32-4-10_640x480_back.png
1FKQRjgBGB6zt7hY9U2yiAqnjtJkJJqqL,189576449-34-16-280-32-4-10/16-280-32-4-10_640x480_top.png,/Users/tanishqjadhav/Desktop/Extractor/data/raw/189576449-34-16-280-32-4-10/16-280-32-4-10_640x480_top.png
1zeJL-ecxX-uC_1AIvCawx4s9cntlhCiM,189576449-34-16-280-32-4-10/16-280-32-4-10_640x480_iso.png,/Users/tanishqjadhav/Desktop/Extractor/data/raw/189576449-34-16-280-32-4-10/16-280-32-4-10_640x480_iso.png
1oFpQ_rlthcDYnKfuxaN9a0Um4RyVmsRv,189576449-34-16-280-32-4-10/16-280-32-4-10_640x480_bottom.png,/Users/tanishqjadhav/Desktop/Extractor/data/raw/189576449-34-16-280-32-4-10/16-280-32-4-10_640x480_bottom.png
1n6MmyI2XrRh3gwyALAC-1PQTW5La2GM4,189576449-34-16-280-32-4-10/16-280-32-4-10_640x480_right.png,/Users/tanishqjadhav/Desktop/Extractor/data/raw/189576449-34-16-280-32-4-10/16-280-32-4-10_640x480_right.png
1onhBAe-zYWQbGPhnMt7KhqNIZt57zzkL,189576449-34-16-280-32-4-10/16-280-32-4-10.txt,/Users/tanishqjadhav/Desktop/Extractor/data/raw/189576449-34-16-280-32-4-10/16-280-32-4-10.txt
1BknbYbMvqDsSD7azrrZATVdnb7VkFknf,189576449-34-16-280-32-4-10/16-280-32-4-10_640x480_left.png,/Users/tanishqjadhav/Desktop/Extractor/data/raw/189576449-34-16-280-32-4-10/16-280-32-4-10_640x480_left.png
1CafldeobX1pKvXwKI41rlBncrgzEnSa8,189576407-34-2454295/2454295_640x480_bottom.png,/Users/tanishqjadhav/Desktop/Extractor/data/raw/189576407-34-2454295/2454295_640x480_bottom.png
1kYvnzoRr9Q_YcrBeaj_rzoTxuZtV4UPf,189576407-34-2454295/2454295.txt,/Users/tanishqjadhav/Desktop/Extractor/data/raw/189576407-34-2454295/2454295.txt
1kkZfxwcn2Rv6bBURVu6hkI_DQdXtqIiY,189576407-34-2454295/2454295_640x480_left.png,/Users/tanishqjadhav/Desktop/Extractor/data/raw/189576407-34-2454295/2454295_640x480_left.png
1jbtNX-ZpyK9YkIkcXWEimZO-YE052qDm,189576407-34-2454295/2454295_640x480_top.png,/Users/tanishqjadhav/Desktop/Extractor/data/raw/189576407-34-2454295/2454295_640x480_top.png
1xjOGESUGcwoDVl7gVb8EwvLoGkoQM7Iq,189576407-34-2454295/2454295_640x480_right.png,/Users/tanishqjadhav/Desktop/Extractor/data/raw/189576407-34-2454295/2454295_640x480_right.png
1qCxkkptNyQi3PPVCCEr4j4zHWt7fBiWt,189576407-34-2454295/2454295_640x480_iso.png,/Users/tanishqjadhav/Desktop/Extractor/data/raw/189576407-34-2454295/2454295_640x480_iso.png
1wPjAp3YpHqRHYPDpqBsY1yCoHdZXoONx,189576407-34-2454295/2454295_640x480_front.png,/Users/tanishqjadhav/Desktop/Extractor/data/raw/189576407-34-2454295/2454295_640x480_front.png
1xqu6KPR1dBPhhPwdf7y8SKIMCQqtTGeQ,189576407-34-2454295/2454295_640x480_back.png,/Users/tanishqjadhav/Desktop/Extractor/data/raw/189576407-34-2454295/2454295_640x480_back.png
1pYJd0lMGKM7tvNQPRJT06MlkWonCXcfN,189576359-34-ebcob3-6/ebcob3-6_640x480_bottom.png,/Users/tanishqjadhav/Desktop/Extractor/data/raw/189576359-34-ebcob3-6/ebcob3-6_640x480_bottom.png
11S93AxaU8bZIYqKVDtHlovWBtgsC4Q6B,189576359-34-ebcob3-6/ebcob3-6_640x480_right.png,/Users/tanishqjadhav/Desktop/Extractor/data/raw/189576359-34-ebcob3-6/ebcob3-6_640x480_right.png
1nnQBTN5peOWFGpDbCYA2uyUPuygMVFSA,189576359-34-ebcob3-6/ebcob3-6_640x480_front.png,/Users/tanishqjadhav/Desktop/Extractor/data/raw/189576359-34-ebcob3-6/ebcob3-6_640x480_front.png
1dImhf4QxC-haKYS2Ne8MsYFxCxpBvLzP,189576359-34-ebcob3-6/ebcob3-6.txt,/Users/tanishqjadhav/Desktop/Extractor/data/raw/189576359-34-ebcob3-6/ebcob3-6.txt
1J8U3bzlMACY8G4uWzDhLEqI5zEsvDxIG,189576359-34-ebcob3-6/ebcob3-6_640x480_left.png,/Users/tanishqjadhav/Desktop/Extractor/data/raw/189576359-34-ebcob3-6/ebcob3-6_640x480_left.png
1jDfUnv3NVx89xV9CELaCJWsN9mAykXYD,189576359-34-ebcob3-6/ebcob3-6_640x480_iso.png,/Users/tanishqjadhav/Desktop/Extractor/data/raw/189576359-34-ebcob3-6/ebcob3-6_640x480_iso.png
1dvHN30maoSqCSlcDGeIo5ifqXBdzeMYP,189576359-34-ebcob3-6/ebcob3-6_640x480_back.png,/Users/tanishqjadhav/Desktop/Extractor/data/raw/189576359-34-ebcob3-6/ebcob3-6_640x480_back.png
1o2kNhS9Mjg50ABz2RoSxmoH1oK5xh4Na,189576359-34-ebcob3-6/ebcob3-6_640x480_top.png,/Users/tanishqjadhav/Desktop/Extractor/data/raw/189576359-34-ebcob3-6/ebcob3-6_640x480_top.png
1JGNHcj53Otqw-VtxBiXOxgGHUWBCM8Pt,189576350-34-ebnld3/ebnld3_640x480_back.png,/Users/tanishqjadhav/Desktop/Extractor/data/raw/189576350-34-ebnld3/ebnld3_640x480_back.png
19U-gKym9asgN66FsFa8X9zPcMamPa5Fw,189576350-34-ebnld3/ebnld3_640x480_left.png,/Users/tanishqjadhav/Desktop/Extractor/data/raw/189576350-34-ebnld3/ebnld3_640x480_left.png
1bZZuuSTqacjTJjfz5zVy7D1b4Vh9ZnGe,189576350-34-ebnld3/ebnld3.txt,/Users/tanishqjadhav/Desktop/Extractor/data/raw/189576350-34-ebnld3/ebnld3.txt
13SFYhZsukmMazWwz9pbpuOfd1fiyR8UX,189576350-34-ebnld3/ebnld3_640x480_bottom.png,/Users/tanishqjadhav/Desktop/Extractor/data/raw/189576350-34-ebnld3/ebnld3_640x480_bottom.png
11yAARCH5jxfFr9ObKSDupJd-JhCFtIt1,189576350-34-ebnld3/ebnld3_640x480_top.png,/Users/tanishqjadhav/Desktop/Extractor/data/raw/189576350-34-ebnld3/ebnld3_640x480_top.png
1XwbmBHchsLCCIVew8emXTTIK-QNMCq-h,189576350-34-ebnld3/ebnld3_640x480_iso.png,/Users/tanishqjadhav/Desktop/Extractor/data/raw/189576350-34-ebnld3/ebnld3_640x480_iso.png
1t9JRCP4Zi2ytKnGAqG8rzaLriz-fkgFP,189576350-34-ebnld3/ebnld3_640x480_right.png,/Users/tanishqjadhav/Desktop/Extractor/data/raw/189576350-34-ebnld3/ebnld3_640x480_right.png
1MFniXPzDhSyKM12ZVUQCstlptLghgDwR,189576350-34-ebnld3/ebnld3_640x480_front.png,/Users/tanishqjadhav/Desktop/Extractor/data/raw/189576350-34-ebnld3/ebnld3_640x480_front.png
1cOK_p6OLDio8XzsMXi9F0ig7hP2HoluW,189576353-34-ebdb3-3-3/ebdb3-3-3_640x480_top.png,/Users/tanishqjadhav/Desktop/Extractor/data/raw/189576353-34-ebdb3-3-3/ebdb3-3-3_640x480_top.png
1o_-gmGIUI9YwoXnREVmoO77id-bUy8pH,189576353-34-ebdb3-3-3/ebdb3-3-3_640x480_iso.png,/Users/tanishqjadhav/Desktop/Extractor/data/raw/189576353-34-ebdb3-3-3/ebdb3-3-3_640x480_iso.png
1DcZutUPvqZYBBv9-PjA1eV8sEXgKP5b0,189576353-34-ebdb3-3-3/ebdb3-3-3_640x480_front.png,/Users/tanishqjadhav/Desktop/Extractor/data/raw/189576353-34-ebdb3-3-3/ebdb3-3-3_640x480_front.png
17X_3nX2ug6bM9T-RMlky0Orffsp2k8um,189576353-34-ebdb3-3-3/ebdb3-3-3_640x480_right.png,/Users/tanishqjadhav/Desktop/Extractor/data/raw/189576353-34-ebdb3-3-3/ebdb3-3-3_640x480_right.png
1A9bpjrQmZgPGF5-ci7c-jJaJVNg_yk8R,189576353-34-ebdb3-3-3/ebdb3-3-3_640x480_left.png,/Users/tanishqjadhav/Desktop/Extractor/data/raw/189576353-34-ebdb3-3-3/ebdb3-3-3_640x480_left.png
17p2ioald75OaXOKe5StWAze2Pc3aM5aS,189576353-34-ebdb3-3-3/ebdb3-3-3_640x480_bottom.png,/Users/tanishqjadhav/Desktop/Extractor/data/raw/189576353-34-ebdb3-3-3/ebdb3-3-3_640x480_bottom.png
1PTRf1N4atUi015UGW6KACm0HI5lPQxXx,189576353-34-ebdb3-3-3/ebdb3-3-3.txt,/Users/tanishqjadhav/Desktop/Extractor/data/raw/189576353-34-ebdb3-3-3/ebdb3-3-3.txt
1btxF8QvlJcKAfdN0BbNTArLF0pNyzO8v,189576353-34-ebdb3-3-3/ebdb3-3-3_640x480_back.png,/Users/tanishqjadhav/Desktop/Extractor/data/raw/189576353-34-ebdb3-3-3/ebdb3-3-3_640x480_back.png
14FU7RDq3xNMdGOMFtgbZEekeZV-hu-9Q,189576295-34-n6-30m6/n6-30m6_640x480_iso.png,/Users/tanishqjadhav/Desktop/Extractor/data/raw/189576295-34-n6-30m6/n6-30m6_640x480_iso.png
172Qd7pVW1rpVaZgIQvGfpNCPs1QzTqdj,189576295-34-n6-30m6/n6-30m6.txt,/Users/tanishqjadhav/Desktop/Extractor/data/raw/189576295-34-n6-30m6/n6-30m6.txt
1G1xgCF1x7ZqwHesDl8Gvh8obuvHk4JkS,189576295-34-n6-30m6/n6-30m6_640x480_top.png,/Users/tanishqjadhav/Desktop/Extractor/data/raw/189576295-34-n6-30m6/n6-30m6_640x480_top.png
1M1XW92-k4GNsSyVCPe1RjytGN0Ud2l3C,189576295-34-n6-30m6/n6-30m6_640x480_left.png,/Users/tanishqjadhav/Desktop/Extractor/data/raw/189576295-34-n6-30m6/n6-30m6_640x480_left.png
1vIqtsgJWLd-Uk7mQ5qKGAKNLHpyhiawu,189576295-34-n6-30m6/n6-30m6_640x480_front.png,/Users/tanishqjadhav/Desktop/Extractor/data/raw/189576295-34-n6-30m6/n6-30m6_640x480_front.png
1JDbE5OXKrZyQNhp8jr0IlZDedM3GpEbN,189576295-34-n6-30m6/n6-30m6_640x480_bottom.png,/Users/tanishqjadhav/Desktop/Extractor/data/raw/189576295-34-n6-30m6/n6-30m6_640x480_bottom.png
1sXtg4jcp51CjNXpJTrOzOw58T1sZDv8u,189576295-34-n6-30m6/n6-30m6_640x480_right.png,/Users/tanishqjadhav/Desktop/Extractor/data/raw/189576295-34-n6-30m6/n6-30m6_640x480_right.png
1nXzk6-Xmzpo2YNaBjKm44CPh_x4bQiCE,189576295-34-n6-30m6/n6-30m6_640x480_back.png,/Users/tanishqjadhav/Desktop/Extractor/data/raw/189576295-34-n6-30m6/n6-30m6_640x480_back.png
1wuzpb6MO7WxjxsjUrVLEW8TsDRVOa0EC,189576291-34-100016x16/100016x16_640x480_front.png,/Users/tanishqjadhav/Desktop/Extractor/data/raw/189576291-34-100016x16/100016x16_640x480_front.png
1rBmy1Q8uG2nIQrQK62NkNnDpkXy7eDSh,189576291-34-100016x16/100016x16_640x480_back.png,/Users/tanishqjadhav/Desktop/Extractor/data/raw/189576291-34-100016x16/100016x16_640x480_back.png
1LNJrE7y_fnGUq3UB3ZFRorZVADcGa6tW,189576291-34-100016x16/100016x16_640x480_right.png,/Users/tanishqjadhav/Desktop/Extractor/data/raw/189576291-34-100016x16/100016x16_640x480_right.png
1yDlC75unf3lqU6129cNKJJyvr5BZVQCk,189576291-34-100016x16/100016x16_640x480_iso.png,/Users/tanishqjadhav/Desktop/Extractor/data/raw/189576291-34-100016x16/100016x16_640x480_iso.png
1_ET7XE-QEIbz7SnFW6Nsni5mKv8yaX7_,189576291-34-100016x16/100016x16.txt,/Users/tanishqjadhav/Desktop/Extractor/data/raw/189576291-34-100016x16/100016x16.txt
195mKhPnysrIexc1nNdy6m6Jq0K5SUEEM,189576291-34-100016x16/100016x16_640x480_left.png,/Users/tanishqjadhav/Desktop/Extractor/data/raw/189576291-34-100016x16/100016x16_640x480_left.png
1BNBeKM13NBUhr5MPG3AJkuEc6v1TQRLp,189576291-34-100016x16/100016x16_640x480_top.png,/Users/tanishqjadhav/Desktop/Extractor/data/raw/189576291-34-100016x16/100016x16_640x480_top.png
1ELnMHtzAZ3L4lFSzK9rAssd2lZ3KdYm-,189576291-34-100016x16/100016x16_640x480_bottom.png,/Users/tanishqjadhav/Desktop/Extractor/data/raw/189576291-34-100016x16/100016x16_640x480_bottom.png
1m-XSbMFc5nTY3uuochp7n7HugW0YfqTs,189576276-34-jb_zq_4321-2006_14/jb_zq_4321-2006_14_640x480_front.png,/Users/tanishqjadhav/Desktop/Extractor/data/raw/189576276-34-jb_zq_4321-2006_14/jb_zq_4321-2006_14_640x480_front.png
1LOd0FcUYLE2YEo0TjTIELK4djxvGnOHb,189576276-34-jb_zq_4321-2006_14/jb_zq_4321-2006_14.txt,/Users/tanishqjadhav/Desktop/Extractor/data/raw/189576276-34-jb_zq_4321-2006_14/jb_zq_4321-2006_14.txt
1w0H0nwIaUUkd32BYWg99DsB4mWuMAo13,189576276-34-jb_zq_4321-2006_14/jb_zq_4321-2006_14_640x480_right.png,/Users/tanishqjadhav/Desktop/Extractor/data/raw/189576276-34-jb_zq_4321-2006_14/jb_zq_4321-2006_14_640x480_right.png
1Uctk19hwwY1tW85lo1qJFx_xVZ9J3fsG,189576276-34-jb_zq_4321-2006_14/jb_zq_4321-2006_14_640x480_top.png,/Users/tanishqjadhav/Desktop/Extractor/data/raw/189576276-34-jb_zq_4321-2006_14/jb_zq_4321-2006_14_640x480_top.png
1r9c5VXTXRom8rCJN5MGiX-mW7DB57ANQ,189576276-34-jb_zq_4321-2006_14/jb_zq_4321-2006_14_640x480_back.png,/Users/tanishqjadhav/Desktop/Extractor/data/raw/189576276-34-jb_zq_4321-2006_14/jb_zq_4321-2006_14_640x480_back.png
10bvKL_USrK4uH2B5nMrfOK4QqBAZqkyJ,189576276-34-jb_zq_4321-2006_14/jb_zq_4321-2006_14_640x480_left.png,/Users/tanishqjadhav/Desktop/Extractor/data/raw/189576276-34-jb_zq_4321-2006_14/jb_zq_4321-2006_14_640x480_left.png
14vg2jCOhtPTke8C1GB2i0rVXVzoJQXxH,189576276-34-jb_zq_4321-2006_14/jb_zq_4321-2006_14_640x480_bottom.png,/Users/tanishqjadhav/Desktop/Extractor/data/raw/189576276-34-jb_zq_4321-2006_14/jb_zq_4321-2006_14_640x480_bottom.png
1C45foAYnn91vcLwrRvd6xbfv5W204qHd,189576276-34-jb_zq_4321-2006_14/jb_zq_4321-2006_14_640x480_iso.png,/Users/tanishqjadhav/Desktop/Extractor/data/raw/189576276-34-jb_zq_4321-2006_14/jb_zq_4321-2006_14_640x480_iso.png
102URXYMj5eoSMhJXNV75bc71oTnWsNR2,189576337-34-screw_hx025872/screw_hx025872_640x480_top.png,/Users/tanishqjadhav/Desktop/Extractor/data/raw/189576337-34-screw_hx025872/screw_hx025872_640x480_top.png
1JnZYwksdEjhU2gHOgO2-S6-KOsCmzoDY,189576337-34-screw_hx025872/screw_hx025872_640x480_iso.png,/Users/tanishqjadhav/Desktop/Extractor/data/raw/189576337-34-screw_hx025872/screw_hx025872_640x480_iso.png
13uTGosghiF0KFIyqXd9DMiiWNk7nrjnn,189576337-34-screw_hx025872/screw_hx025872_640x480_right.png,/Users/tanishqjadhav/Desktop/Extractor/data/raw/189576337-34-screw_hx025872/screw_hx025872_640x480_right.png
1PhZ-8c7l5EKWPk-xc8efBVtxewt8oGJr,189576337-34-screw_hx025872/screw_hx025872_640x480_bottom.png,/Users/tanishqjadhav/Desktop/Extractor/data/raw/189576337-34-screw_hx025872/screw_hx025872_640x480_bottom.png
1EbegmGHTvmgvcNyZ7mN-G4dOt3Yqz1To,189576337-34-screw_hx025872/screw_hx025872_640x480_front.png,/Users/tanishqjadhav/Desktop/Extractor/data/raw/189576337-34-screw_hx025872/screw_hx025872_640x480_front.png
1sXVNnFcCN8o2oBXrQFDnrACFSqEH-kg-,189576337-34-screw_hx025872/screw_hx025872_640x480_left.png,/Users/tanishqjadhav/Desktop/Extractor/data/raw/189576337-34-screw_hx025872/screw_hx025872_640x480_left.png
1qJQsWTcRf4OouWXwQOQ0sBfyrK6_FWvV,189576337-34-screw_hx025872/screw_hx025872_640x480_back.png,/Users/tanishqjadhav/Desktop/Extractor/data/raw/189576337-34-screw_hx025872/screw_hx025872_640x480_back.png
1AatQlvvFq5pLmZyS7iwd87ybt9DujAep,189576337-34-screw_hx025872/screw_hx025872.txt,/Users/tanishqjadhav/Desktop/Extractor/data/raw/189576337-34-screw_hx025872/screw_hx025872.txt
1uMNcIUK6vbO_kvVNUZUBIeTOE_fDHwsx,189576347-34-screw_093126__25/screw_093126__25_640x480_front.png,/Users/tanishqjadhav/Desktop/Extractor/data/raw/189576347-34-screw_093126__25/screw_093126__25_640x480_front.png
1M9XvZtrclSbV06wNtl3iYb9icwyipBkE,189576347-34-screw_093126__25/screw_093126__25_640x480_right.png,/Users/tanishqjadhav/Desktop/Extractor/data/raw/189576347-34-screw_093126__25/screw_093126__25_640x480_right.png
1m4CpIDjWju4SSiXlcW2LgfR_Z_J7mrge,189576347-34-screw_093126__25/screw_093126__25_640x480_left.png,/Users/tanishqjadhav/Desktop/Extractor/data/raw/189576347-34-screw_093126__25/screw_093126__25_640x480_left.png
1YY8XD95NPXrvfE6ZdD_eeUPa3KM3AG2z,189576347-34-screw_093126__25/screw_093126__25_640x480_top.png,/Users/tanishqjadhav/Desktop/Extractor/data/raw/189576347-34-screw_093126__25/screw_093126__25_640x480_top.png
1OCY3MlP8-fd18_HlplHgXyaoittNARGb,189576347-34-screw_093126__25/screw_093126__25_640x480_bottom.png,/Users/tanishqjadhav/Desktop/Extractor/data/raw/189576347-34-screw_093126__25/screw_093126__25_640x480_bottom.png
1HOEQh7pQi_V2svOXsWDZ96hBlK8SkKuL,189576347-34-screw_093126__25/screw_093126__25.txt,/Users/tanishqjadhav/Desktop/Extractor/data/raw/189576347-34-screw_093126__25/screw_093126__25.txt
1Vsr3vVYabgPeBu51_He3GyxPpgUnxsF5,189576347-34-screw_093126__25/screw_093126__25_640x480_iso.png,/Users/tanishqjadhav/Desktop/Extractor/data/raw/189576347-34-screw_093126__25/screw_093126__25_640x480_iso.png
1mkewfPFEigVkr3hBkFhzqgVKs4VxYwvf,189576347-34-screw_093126__25/screw_093126__25_640x480_back.png,/Users/tanishqjadhav/Desktop/Extractor/data/raw/189576347-34-screw_093126__25/screw_093126__25_640x480_back.png
1_G6k2q2Q-aLqYGbwFl-keYH-KuYGqYFK,189576172-34-ylbt8x20-c1/ylbt8x20-c1_640x480_left.png,/Users/tanishqjadhav/Desktop/Extractor/data/raw/189576172-34-ylbt8x20-c1/ylbt8x20-c1_640x480_left.png
1E_LcJBcGMB0q3Xz1FHioiHilkBKZWpR3,189576172-34-ylbt8x20-c1/ylbt8x20-c1_640x480_front.png,/Users/tanishqjadhav/Desktop/Extractor/data/raw/189576172-34-ylbt8x20-c1/ylbt8x20-c1_640x480_front.png
1iicIyuqvEjL_eh1gKx1dldKtexPV1QCP,189576172-34-ylbt8x20-c1/ylbt8x20-c1_640x480_bottom.png,/Users/tanishqjadhav/Desktop/Extractor/data/raw/189576172-34-ylbt8x20-c1/ylbt8x20-c1_640x480_bottom.png
1TSXxDzXigrsRdJuf8Rd6vodR9G1WDPzZ,189576172-34-ylbt8x20-c1/ylbt8x20-c1_640x480_right.png,/Users/tanishqjadhav/Desktop/Extractor/data/raw/189576172-34-ylbt8x20-c1/ylbt8x20-c1_640x480_right.png
1FITIXvMLR46Ci_26XPV406DbfiyBJNeH,189576172-34-ylbt8x20-c1/ylbt8x20-c1_640x480_back.png,/Users/tanishqjadhav/Desktop/Extractor/data/raw/189576172-34-ylbt8x20-c1/ylbt8x20-c1_640x480_back.png
1Fs2VILzVeQ3f81-he6K2QfDm8KvQ6TlL,189576172-34-ylbt8x20-c1/ylbt8x20-c1_640x480_top.png,/Users/tanishqjadhav/Desktop/Extractor/data/raw/189576172-34-ylbt8x20-c1/ylbt8x20-c1_640x480_top.png
17VBciyeCCDvBGuKABSE4SENhhcrki5Bo,189576172-34-ylbt8x20-c1/ylbt8x20-c1.txt,/Users/tanishqjadhav/Desktop/Extractor/data/raw/189576172-34-ylbt8x20-c1/ylbt8x20-c1.txt
1VLLnzpcARH4qYZAKBmjwIWDdQgC7uhL8,189576172-34-ylbt8x20-c1/ylbt8x20-c1_640x480_iso.png,/Users/tanishqjadhav/Desktop/Extractor/data/raw/189576172-34-ylbt8x20-c1/ylbt8x20-c1_640x480_iso.png
1Y1TG92yqNH9NpAyye5ta0_UJkpeQzJnz,189576183-34-ylat8x17-c1/ylat8x17-c1_640x480_bottom.png,/Users/tanishqjadhav/Desktop/Extractor/data/raw/189576183-34-ylat8x17-c1/ylat8x17-c1_640x480_bottom.png
1mAGiGsFHwiFnWA6XnBzHB3S7-aU0wQ2M,189576183-34-ylat8x17-c1/ylat8x17-c1.txt,/Users/tanishqjadhav/Desktop/Extractor/data/raw/189576183-34-ylat8x17-c1/ylat8x17-c1.txt
1YDkEfL8MqkAzSbVrDvHIM7jYz-TmC2mV,189576183-34-ylat8x17-c1/ylat8x17-c1_640x480_iso.png,/Users/tanishqjadhav/Desktop/Extractor/data/raw/189576183-34-ylat8x17-c1/ylat8x17-c1_640x480_iso.png
1pOZrf3bRxWZSBkH-Vh04zvgegEvwvtOL,189576183-34-ylat8x17-c1/ylat8x17-c1_640x480_back.png,/Users/tanishqjadhav/Desktop/Extractor/data/raw/189576183-34-ylat8x17-c1/ylat8x17-c1_640x480_back.png
1qk2HoCHXjzozUruTWxdHS9GQ4mipI7nC,189576183-34-ylat8x17-c1/ylat8x17-c1_640x480_left.png,/Users/tanishqjadhav/Desktop/Extractor/data/raw/189576183-34-ylat8x17-c1/ylat8x17-c1_640x480_left.png
11tOkbKf0DxKr8I9hVS17Z9wUsYTVqmNX,189576183-34-ylat8x17-c1/ylat8x17-c1_640x480_right.png,/Users/tanishqjadhav/Desktop/Extractor/data/raw/189576183-34-ylat8x17-c1/ylat8x17-c1_640x480_right.png
1dyWAZzY-vtXOJ5p8UkYu9ZAqtxlKn_sC,189576183-34-ylat8x17-c1/ylat8x17-c1_640x480_top.png,/Users/tanishqjadhav/Desktop/Extractor/data/raw/189576183-34-ylat8x17-c1/ylat8x17-c1_640x480_top.png
1JUPe7bD1J5RwVJ5JWGNqeLDvVipCdZPC,189576183-34-ylat8x17-c1/ylat8x17-c1_640x480_front.png,/Users/tanishqjadhav/Desktop/Extractor/data/raw/189576183-34-ylat8x17-c1/ylat8x17-c1_640x480_front.png
1lKQzVi4TpHqR1KvMlC6bq_5yvMPw9PBq,189576270-34-bolt_din_261-m8x30/bolt_din_261-m8x30.txt,/Users/tanishqjadhav/Desktop/Extractor/data/raw/189576270-34-bolt_din_261-m8x30/bolt_din_261-m8x30.txt
1ndxn1AMqPzMMjUjd5JFTEaheuL0_RpuA,189576270-34-bolt_din_261-m8x30/bolt_din_261-m8x30_640x480_top.png,/Users/tanishqjadhav/Desktop/Extractor/data/raw/189576270-34-bolt_din_261-m8x30/bolt_din_261-m8x30_640x480_top.png
1cYZtL-j66vygDp7XyYwVswD3nIXfxWtf,189576270-34-bolt_din_261-m8x30/bolt_din_261-m8x30_640x480_iso.png,/Users/tanishqjadhav/Desktop/Extractor/data/raw/189576270-34-bolt_din_261-m8x30/bolt_din_261-m8x30_640x480_iso.png
17JAKY0yjCjYHpOhtp0aJutL0rfo0rRMl,189576270-34-bolt_din_261-m8x30/bolt_din_261-m8x30_640x480_right.png,/Users/tanishqjadhav/Desktop/Extractor/data/raw/189576270-34-bolt_din_261-m8x30/bolt_din_261-m8x30_640x480_right.png
1vxQfItKtzV6z6hQ5xvYygC-jFmo8b40-,189576270-34-bolt_din_261-m8x30/bolt_din_261-m8x30_640x480_back.png,/Users/tanishqjadhav/Desktop/Extractor/data/raw/189576270-34-bolt_din_261-m8x30/bolt_din_261-m8x30_640x480_back.png
1gSzUYI6OmZbJSofHHBL7LUL29eFbtCrS,189576270-34-bolt_din_261-m8x30/bolt_din_261-m8x30_640x480_bottom.png,/Users/tanishqjadhav/Desktop/Extractor/data/raw/189576270-34-bolt_din_261-m8x30/bolt_din_261-m8x30_640x480_bottom.png
1CeETnmV9vCDgkPt6FjVuO3qeEWI_da8G,189576270-34-bolt_din_261-m8x30/bolt_din_261-m8x30_640x480_front.png,/Users/tanishqjadhav/Desktop/Extractor/data/raw/189576270-34-bolt_din_261-m8x30/bolt_din_261-m8x30_640x480_front.png
1pIBsOgYjW9xbrOUr1HrvZr0QDLPaY4B0,189576270-34-bolt_din_261-m8x30/bolt_din_261-m8x30_640x480_left.png,/Users/tanishqjadhav/Desktop/Extractor/data/raw/189576270-34-bolt_din_261-m8x30/bolt_din_261-m8x30_640x480_left.png
1yEvdiW06jJLS9wOJH2iJxJsZZlJw9TXI,FYTB - T-Shaped Bolts/bolt_fytb8_640x480_back.png,/Users/tanishqjadhav/Desktop/Extractor/data/raw/FYTB - T-Shaped Bolts/bolt_fytb8_640x480_back.png
1RoQUWyaExw_TEUPms0RF5jzKuK9XQX_Q,FYTB - T-Shaped Bolts/bolt_fytb8_640x480_top.png,/Users/tanishqjadhav/Desktop/Extractor/data/raw/FYTB - T-Shaped Bolts/bolt_fytb8_640x480_top.png
1R2ln50NyZfZhTJTrAa1UszcvxLzzE4HK,FYTB - T-Shaped Bolts/bolt_fytb8_640x480_front.png,/Users/tanishqjadhav/Desktop/Extractor/data/raw/FYTB - T-Shaped Bolts/bolt_fytb8_640x480_front.png
1cC-hGsRYKPImJPdMCspv-TfSDK-Hz_Se,FYTB - T-Shaped Bolts/bolt_fytb8.txt,/Users/tanishqjadhav/Desktop/Extractor/data/raw/FYTB - T-Shaped Bolts/bolt_fytb8.txt
1_lUuFnyIigo_R3lmqQOqdMKjeevW8Qf1,FYTB - T-Shaped Bolts/bolt_fytb8_640x480_iso.png,/Users/tanishqjadhav/Desktop/Extractor/data/raw/FYTB - T-Shaped Bolts/bolt_fytb8_640x480_iso.png
1KOVR7lrnKQaXU22zUYjuDogteQ8behhM,FYTB - T-Shaped Bolts/bolt_fytb8_640x480_bottom.png,/Users/tanishqjadhav/Desktop/Extractor/data/raw/FYTB - T-Shaped Bolts/bolt_fytb8_640x480_bottom.png
1jGzhrBGuu_jn1J4SmXNlJYyo2iEkJxHX,FYTB - T-Shaped Bolts/bolt_fytb8_640x480_left.png,/Users/tanishqjadhav/Desktop/Extractor/data/raw/FYTB - T-Shaped Bolts/bolt_fytb8_640x480_left.png
1hyKk-VQ6Viwvfp4sSCv25wECq-ww2V2O,FYTB - T-Shaped Bolts/bolt_fytb8_640x480_right.png,/Users/tanishqjadhav/Desktop/Extractor/data/raw/FYTB - T-Shaped Bolts/bolt_fytb8_640x480_right.png
1xPVim2PIayQ4iLQ9YArklgR7qwbqOZRy,189576725-34-ptue20/ptue20_640x480_right.png,/Users/tanishqjadhav/Desktop/Extractor/data/raw/189576725-34-ptue20/ptue20_640x480_right.png
1X5gYVp-i53x0R2Y2IKlQAXZzZ7kzcY3a,189576725-34-ptue20/ptue20_640x480_left.png,/Users/tanishqjadhav/Desktop/Extractor/data/raw/189576725-34-ptue20/ptue20_640x480_left.png
1Rc5n8jgLD3DqjYzkmWbBYwhM8W6TSS4G,189576725-34-ptue20/ptue20_640x480_iso.png,/Users/tanishqjadhav/Desktop/Extractor/data/raw/189576725-34-ptue20/ptue20_640x480_iso.png
1z8_FHSf6VUTv2D9dlQnIE0imEWWi1C99,189576725-34-ptue20/ptue20_640x480_front.png,/Users/tanishqjadhav/Desktop/Extractor/data/raw/189576725-34-ptue20/ptue20_640x480_front.png
1J8K53h2AK4avuQRfShhqNJ3cTLEDxE25,189576725-34-ptue20/ptue20.txt,/Users/tanishqjadhav/Desktop/Extractor/data/raw/189576725-34-ptue20/ptue20.txt
1PLvyn_XHS5muT3_fSMYKQKotNtVLyrc7,189576725-34-ptue20/ptue20_640x480_back.png,/Users/tanishqjadhav/Desktop/Extractor/data/raw/189576725-34-ptue20/ptue20_640x480_back.png
1Z51_V7YLEEfnKD_DVOcBOtW_-Orb5GV2,189576725-34-ptue20/ptue20_640x480_top.png,/Users/tanishqjadhav/Desktop/Extractor/data/raw/189576725-34-ptue20/ptue20_640x480_top.png
1iUj2Xo5V_P-bJuu3Sgw0L5FvraQVCxwW,189576725-34-ptue20/ptue20_640x480_bottom.png,/Users/tanishqjadhav/Desktop/Extractor/data/raw/189576725-34-ptue20/ptue20_640x480_bottom.png
1yakgF-I94Hc5HGxXBXzfn8qgroPi8RD7,189576856-34-13c004004/13c004004_640x480_iso.png,/Users/tanishqjadhav/Desktop/Extractor/data/raw/189576856-34-13c004004/13c004004_640x480_iso.png
1ejR_9tX1ObqfLZJntpGuWuiczJRV6bl0,189576856-34-13c004004/13c004004_640x480_left.png,/Users/tanishqjadhav/Desktop/Extractor/data/raw/189576856-34-13c004004/13c004004_640x480_left.png
1jtMaIrSoO-lMQMgSxAolYPWh6R0GbCoc,189576856-34-13c004004/13c004004_640x480_bottom.png,/Users/tanishqjadhav/Desktop/Extractor/data/raw/189576856-34-13c004004/13c004004_640x480_bottom.png
1uxKc16UTU0c-KoibQtla4h4qB6gkkKl1,189576856-34-13c004004/13c004004.txt,/Users/tanishqjadhav/Desktop/Extractor/data/raw/189576856-34-13c004004/13c004004.txt
1yjW2UvpP844jvkLO7YFlw-CopmN35vIU,189576856-34-13c004004/13c004004_640x480_back.png,/Users/tanishqjadhav/Desktop/Extractor/data/raw/189576856-34-13c004004/13c004004_640x480_back.png
1UO1N-XwOJSEDryInSxuwSuVypR5qfVut,189576856-34-13c004004/13c004004_640x480_front.png,/Users/tanishqjadhav/Desktop/Extractor/data/raw/189576856-34-13c004004/13c004004_640x480_front.png
11dJWKbsVE4A6OAaRl7w7COxt9ccB0NlF,189576856-34-13c004004/13c004004_640x480_right.png,/Users/tanishqjadhav/Desktop/Extractor/data/raw/189576856-34-13c004004/13c004004_640x480_right.png
1Gv2N33wdrSnEHP1gNBQor-bSkGXJjmci,189576856-34-13c004004/13c004004_640x480_top.png,/Users/tanishqjadhav/Desktop/Extractor/data/raw/189576856-34-13c004004/13c004004_640x480_top.png
1b0V7_kKgnIdVuMSAE04xnXZ_v-efkw9Y,189576740-34-40_t_shafts_adp416c/40_t_shafts_adp416c_640x480_iso.png,/Users/tanishqjadhav/Desktop/Extractor/data/raw/189576740-34-40_t_shafts_adp416c/40_t_shafts_adp416c_640x480_iso.png
1s6ENI9PJsEakjv-m-cqXEenrEXyJeQFq,189576740-34-40_t_shafts_adp416c/40_t_shafts_adp416c_640x480_back.png,/Users/tanishqjadhav/Desktop/Extractor/data/raw/189576740-34-40_t_shafts_adp416c/40_t_shafts_adp416c_640x480_back.png
1KVSu7enOLroqwg4Hc9e77UWlmJxGiIyo,189576740-34-40_t_shafts_adp416c/40_t_shafts_adp416c.txt,/Users/tanishqjadhav/Desktop/Extractor/data/raw/189576740-34-40_t_shafts_adp416c/40_t_shafts_adp416c.txt
1_74gr30nEyTqq410QdwvlzoGKZXDrvTp,189576740-34-40_t_shafts_adp416c/40_t_shafts_adp416c_640x480_top.png,/Users/tanishqjadhav/Desktop/Extractor/data/raw/189576740-34-40_t_shafts_adp416c/40_t_shafts_adp416c_640x480_top.png
1lfqTQMqvBNnGnEzKwLfPSev-b1mGEK9Q,189576740-34-40_t_shafts_adp416c/40_t_shafts_adp416c_640x480_bottom.png,/Users/tanishqjadhav/Desktop/Extractor/data/raw/189576740-34-40_t_shafts_adp416c/40_t_shafts_adp416c_640x480_bottom.png
1PrctJoZVxuf2FW61SYsWK_eVQaP6vhaH,189576740-34-40_t_shafts_adp416c/40_t_shafts_adp416c_640x480_left.png,/Users/tanishqjadhav/Desktop/Extractor/data/raw/189576740-34-40_t_shafts_adp416c/40_t_shafts_adp416c_640x480_left.png
1C0E_zfwDVpAGODKRBmCDDtRwcr3nXEIH,189576740-34-40_t_shafts_adp416c/40_t_shafts_adp416c_640x480_right.png,/Users/tanishqjadhav/Desktop/Extractor/data/raw/189576740-34-40_t_shafts_adp416c/40_t_shafts_adp416c_640x480_right.png
1ZvMbxN4kQeHpmVQ4UFgoUGivykOxQ92O,189576740-34-40_t_shafts_adp416c/40_t_shafts_adp416c_640x480_front.png,/Users/tanishqjadhav/Desktop/Extractor/data/raw/189576740-34-40_t_shafts_adp416c/40_t_shafts_adp416c_640x480_front.png
1FD1nL9ODcaNdrgrBLPVD7-m5heiosf3W,189576755-34-vw28-la95-a-5_5/vw28-la95-a-5_5_640x480_right.png,/Users/tanishqjadhav/Desktop/Extractor/data/raw/189576755-34-vw28-la95-a-5_5/vw28-la95-a-5_5_640x480_right.png
1MRE471kKk5l0MfZyY_fui7hrqt83AMN2,189576755-34-vw28-la95-a-5_5/vw28-la95-a-5_5_640x480_top.png,/Users/tanishqjadhav/Desktop/Extractor/data/raw/189576755-34-vw28-la95-a-5_5/vw28-la95-a-5_5_640x480_top.png
1Ci8uFpOm7Zko79qlq9nrYmf0ub2zBKaY,189576755-34-vw28-la95-a-5_5/vw28-la95-a-5_5_640x480_iso.png,/Users/tanishqjadhav/Desktop/Extractor/data/raw/189576755-34-vw28-la95-a-5_5/vw28-la95-a-5_5_640x480_iso.png
1lCC1M4Wm0iJynnckx0w56pQ84gOtlwJ7,189576755-34-vw28-la95-a-5_5/vw28-la95-a-5_5_640x480_left.png,/Users/tanishqjadhav/Desktop/Extractor/data/raw/189576755-34-vw28-la95-a-5_5/vw28-la95-a-5_5_640x480_left.png
17djJthk8QqhXEOFA2z3OhT9KbsLDBT1x,189576755-34-vw28-la95-a-5_5/vw28-la95-a-5_5_640x480_front.png,/Users/tanishqjadhav/Desktop/Extractor/data/raw/189576755-34-vw28-la95-a-5_5/vw28-la95-a-5_5_640x480_front.png
1CHKeNCs4EVclTIY2EXB084Nh1pLhteT9,189576755-34-vw28-la95-a-5_5/vw28-la95-a-5_5_640x480_back.png,/Users/tanishqjadhav/Desktop/Extractor/data/raw/189576755-34-vw28-la95-a-5_5/vw28-la95-a-5_5_640x480_back.png
1SjX0t8XMEZGP-9gHeqR4sboj1pyjmH7a,189576755-34-vw28-la95-a-5_5/vw28-la95-a-5_5_640x480_bottom.png,/Users/tanishqjadhav/Desktop/Extractor/data/raw/189576755-34-vw28-la95-a-5_5/vw28-la95-a-5_5_640x480_bottom.png
1U6_jnSZyajJdHnsqae5nkCtk1TlpVAkH,189576755-34-vw28-la95-a-5_5/vw28-la95-a-5_5.txt,/Users/tanishqjadhav/Desktop/Extractor/data/raw/189576755-34-vw28-la95-a-5_5/vw28-la95-a-5_5.txt
1bDa-zt45g4-OqgytCXE71oPXh0al4p7j,189576687-34-alb-10/alb-10_640x480_front.png,/Users/tanishqjadhav/Desktop/Extractor/data/raw/189576687-34-alb-10/alb-10_640x480_front.png
1jJA3M2oCsH5UqQapYPRM3rNvp7OEs7xV,189576687-34-alb-10/alb-10_640x480_iso.png,/Users/tanishqjadhav/Desktop/Extractor/data/raw/189576687-34-alb-10/alb-10_640x480_iso.png
19aG8M5TmxkAr0eFkxjJUUeFFP4JUrUdh,189576687-34-alb-10/alb-10_640x480_back.png,/Users/tanishqjadhav/Desktop/Extractor/data/raw/189576687-34-alb-10/alb-10_640x480_back.png
1SjQXn-1lxRFcCh2PGMir6IWi-SVsh9YN,189576687-34-alb-10/alb-10_640x480_top.png,/Users/tanishqjadhav/Desktop/Extractor/data/raw/189576687-34-alb-10/alb-10_640x480_top.png
1npOPgSTIwPM786Vx5TBZWQKDRUJDj3l4,189576687-34-alb-10/alb-10_640x480_bottom.png,/Users/tanishqjadhav/Desktop/Extractor/data/raw/189576687-34-alb-10/alb-10_640x480_bottom.png
1pkCuJxli9nIoBC5CnVRjYTFNpPzQ3B--,189576687-34-alb-10/alb-10_640x480_left.png,/Users/tanishqjadhav/Desktop/Extractor/data/raw/189576687-34-alb-10/alb-10_640x480_left.png
1x4vzGy6V8iBhTyH-K55gs1JowpnHOUBe,189576687-34-alb-10/alb-10_640x480_right.png,/Users/tanishqjadhav/Desktop/Extractor/data/raw/189576687-34-alb-10/alb-10_640x480_right.png
1R751Ocy6lMTlMniQg8dKSCTcjgfezHjm,189576687-34-alb-10/alb-10.txt,/Users/tanishqjadhav/Desktop/Extractor/data/raw/189576687-34-alb-10/alb-10.txt
1t_Fr-HmMbS8AZ00QUhn4I01f3VaFtdWX,189576715-34-gye12-krr-b/gye12-krr-b_640x480_top.png,/Users/tanishqjadhav/Desktop/Extractor/data/raw/189576715-34-gye12-krr-b/gye12-krr-b_640x480_top.png
1ev3Fr1Vfzl2jCiNRUPtcgnECmUXLxWqk,189576715-34-gye12-krr-b/gye12-krr-b_640x480_right.png,/Users/tanishqjadhav/Desktop/Extractor/data/raw/189576715-34-gye12-krr-b/gye12-krr-b_640x480_right.png
1jkyQBto7n5oZz7ha6otz66EwhJ30Y-2y,189576715-34-gye12-krr-b/gye12-krr-b_640x480_iso.png,/Users/tanishqjadhav/Desktop/Extractor/data/raw/189576715-34-gye12-krr-b/gye12-krr-b_640x480_iso.png
1No0Ernz6UzDXEbuWbkjckFZS1r1M_RC3,189576715-34-gye12-krr-b/gye12-krr-b_640x480_bottom.png,/Users/tanishqjadhav/Desktop/Extractor/data/raw/189576715-34-gye12-krr-b/gye12-krr-b_640x480_bottom.png
1PO5xQiKrg23MzlGOAwFFh6vA14lklZUH,189576715-34-gye12-krr-b/gye12-krr-b_640x480_left.png,/Users/tanishqjadhav/Desktop/Extractor/data/raw/189576715-34-gye12-krr-b/gye12-krr-b_640x480_left.png
13-93NM0KE0NWxW0YEKCW1FHUQzTClsyU,189576715-34-gye12-krr-b/gye12-krr-b_640x480_back.png,/Users/tanishqjadhav/Desktop/Extractor/data/raw/189576715-34-gye12-krr-b/gye12-krr-b_640x480_back.png
1jEKLWArpeJH4cImQ5D6lcNjpXtqkuRbZ,189576715-34-gye12-krr-b/gye12-krr-b_640x480_front.png,/Users/tanishqjadhav/Desktop/Extractor/data/raw/189576715-34-gye12-krr-b/gye12-krr-b_640x480_front.png
1be0TIRfjtiMmVj_RGXXZb1GqWEwmSrbw,189576715-34-gye12-krr-b/gye12-krr-b.txt,/Users/tanishqjadhav/Desktop/Extractor/data/raw/189576715-34-gye12-krr-b/gye12-krr-b.txt
1wO0_Peq0nrlUH2kpPtwbAT1uAs7Btdbh,189576953-114-scherzinger_pumpen_gmbh_co_kg_3030-110-zk63-120/scherzinger_pumpen_gmbh_co_kg_3030-110-zk63-120.txt,/Users/tanishqjadhav/Desktop/Extractor/data/raw/189576953-114-scherzinger_pumpen_gmbh_co_kg_3030-110-zk63-120/scherzinger_pumpen_gmbh_co_kg_3030-110-zk63-120.txt
1eV2_W3EkRR2stP-LJ31lahoXG9BW5YOh,189576953-114-scherzinger_pumpen_gmbh_co_kg_3030-110-zk63-120/scherzinger_pumpen_gmbh_co_kg_3030-110-zk63-120_640x480_iso.jpg,/Users/tanishqjadhav/Desktop/Extractor/data/raw/189576953-114-scherzinger_pumpen_gmbh_co_kg_3030-110-zk63-120/scherzinger_pumpen_gmbh_co_kg_3030-110-zk63-120_640x480_iso.jpg
1FQ7VfIBd4gMxIpSP4FiNRCsNolUw6yj6,189576953-114-scherzinger_pumpen_gmbh_co_kg_3030-110-zk63-120/scherzinger_pumpen_gmbh_co_kg_3030-110-zk63-120_640x480_right.jpg,/Users/tanishqjadhav/Desktop/Extractor/data/raw/189576953-114-scherzinger_pumpen_gmbh_co_kg_3030-110-zk63-120/scherzinger_pumpen_gmbh_co_kg_3030-110-zk63-120_640x480_right.jpg
13LZd0trDW-m9TGEyFeZ22G0uAfG9TK92,189576953-114-scherzinger_pumpen_gmbh_co_kg_3030-110-zk63-120/scherzinger_pumpen_gmbh_co_kg_3030-110-zk63-120_640x480_left.jpg,/Users/tanishqjadhav/Desktop/Extractor/data/raw/189576953-114-scherzinger_pumpen_gmbh_co_kg_3030-110-zk63-120/scherzinger_pumpen_gmbh_co_kg_3030-110-zk63-120_640x480_left.jpg
1FltpoxZ5JwqlU31M2o1YOTZ1oPLu2Qj0,189576953-114-scherzinger_pumpen_gmbh_co_kg_3030-110-zk63-120/scherzinger_pumpen_gmbh_co_kg_3030-110-zk63-120_640x480_bottom.jpg,/Users/tanishqjadhav/Desktop/Extractor/data/raw/189576953-114-scherzinger_pumpen_gmbh_co_kg_3030-110-zk63-120/scherzinger_pumpen_gmbh_co_kg_3030-110-zk63-120_640x480_bottom.jpg
1lmeMFe-VeQUmwh2w8olNmDnmmfoRS5GT,189576953-114-scherzinger_pumpen_gmbh_co_kg_3030-110-zk63-120/scherzinger_pumpen_gmbh_co_kg_3030-110-zk63-120_640x480_top.jpg,/Users/tanishqjadhav/Desktop/Extractor/data/raw/189576953-114-scherzinger_pumpen_gmbh_co_kg_3030-110-zk63-120/scherzinger_pumpen_gmbh_co_kg_3030-110-zk63-120_640x480_top.jpg
1xHzep6mx3eeIpWSkTAmR6B7gTF8FpCA9,189576953-114-scherzinger_pumpen_gmbh_co_kg_3030-110-zk63-120/scherzinger_pumpen_gmbh_co_kg_3030-110-zk63-120_640x480_back.jpg,/Users/tanishqjadhav/Desktop/Extractor/data/raw/189576953-114-scherzinger_pumpen_gmbh_co_kg_3030-110-zk63-120/scherzinger_pumpen_gmbh_co_kg_3030-110-zk63-120_640x480_back.jpg
1_xmJ7xZ9fKs-3k_b0l_-iQa0SIh_t7NO,189576953-114-scherzinger_pumpen_gmbh_co_kg_3030-110-zk63-120/scherzinger_pumpen_gmbh_co_kg_3030-110-zk63-120_640x480_front.jpg,/Users/tanishqjadhav/Desktop/Extractor/data/raw/189576953-114-scherzinger_pumpen_gmbh_co_kg_3030-110-zk63-120/scherzinger_pumpen_gmbh_co_kg_3030-110-zk63-120_640x480_front.jpg
1Y2t1QI7LwfdPoIn1oHOAM0_1iOzUU8wr,189576900-114-mini-excavator_yellow/mini-excavator_yellow.txt,/Users/tanishqjadhav/Desktop/Extractor/data/raw/189576900-114-mini-excavator_yellow/mini-excavator_yellow.txt
1u22ntVwr6u2JBO-n16kML6Hi0ygVXDEq,189576900-114-mini-excavator_yellow/mini-excavator_yellow_640x480_iso.jpg,/Users/tanishqjadhav/Desktop/Extractor/data/raw/189576900-114-mini-excavator_yellow/mini-excavator_yellow_640x480_iso.jpg
1U6RmLRLO6Pm9wM_zdBh7k6IvT1ZFbLtR,189576900-114-mini-excavator_yellow/mini-excavator_yellow_640x480_right.jpg,/Users/tanishqjadhav/Desktop/Extractor/data/raw/189576900-114-mini-excavator_yellow/mini-excavator_yellow_640x480_right.jpg
1xbKvs0v83CvkBVD7mGkjX0xmA90-Oct6,189576900-114-mini-excavator_yellow/mini-excavator_yellow_640x480_left.jpg,/Users/tanishqjadhav/Desktop/Extractor/data/raw/189576900-114-mini-excavator_yellow/mini-excavator_yellow_640x480_left.jpg
1W2rK_DKf_QvNOl5Y6BEkpMcyG8ME9jmO,189576900-114-mini-excavator_yellow/mini-excavator_yellow_640x480_bottom.jpg,/Users/tanishqjadhav/Desktop/Extractor/data/raw/189576900-114-mini-excavator_yellow/mini-excavator_yellow_640x480_bottom.jpg
17tU9nSW5PgQ_Xaah1Zh3ipfeqHhH_HfT,189576900-114-mini-excavator_yellow/mini-excavator_yellow_640x480_top.jpg,/Users/tanishqjadhav/Desktop/Extractor/data/raw/189576900-114-mini-excavator_yellow/mini-excavator_yellow_640x480_top.jpg
1LKySPfzFFRZ_dVeP5L2xQnfbnoHHvIOT,189576900-114-mini-excavator_yellow/mini-excavator_yellow_640x480_back.jpg,/Users/tanishqjadhav/Desktop/Extractor/data/raw/189576900-114-mini-excavator_yellow/mini-excavator_yellow_640x480_back.jpg
1mRtRXhNV0IGEH6vDwNcbNjOAVvcanDcr,189576900-114-mini-excavator_yellow/mini-excavator_yellow_640x480_front.jpg,/Users/tanishqjadhav/Desktop/Extractor/data/raw/189576900-114-mini-excavator_yellow/mini-excavator_yellow_640x480_front.jpg
19sc45zp6FY8up9MB8W0bgTucFCh2ciHe,189576805-114-agb184/189576829-114-sk_638_____l_25.zip,/Users/tanishqjadhav/Desktop/Extractor/data/raw/189576805-114-agb184/189576829-114-sk_638_____l_25.zip
17US8T49mjMWyw7CWNvd-ExcNCd1RQx84,189576805-114-agb184/agb184.txt,/Users/tanishqjadhav/Desktop/Extractor/data/raw/189576805-114-agb184/agb184.txt
1fI8iMy-msxlKQACUHa5vGBJHu5bUKVEY,189576805-114-agb184/agb184_640x480_iso.jpg,/Users/tanishqjadhav/Desktop/Extractor/data/raw/189576805-114-agb184/agb184_640x480_iso.jpg
1p6-Q01MmZhgLXMnlRSXPyqg66lz00bQH,189576805-114-agb184/agb184_640x480_right.jpg,/Users/tanishqjadhav/Desktop/Extractor/data/raw/189576805-114-agb184/agb184_640x480_right.jpg
1W3Uwt5C0yZVDhapBT7oktZ_gUpf9aP7j,189576805-114-agb184/agb184_640x480_left.jpg,/Users/tanishqjadhav/Desktop/Extractor/data/raw/189576805-114-agb184/agb184_640x480_left.jpg
1OBieVdPPi6GnzERdHStgEtqyVmmKrF9r,189576805-114-agb184/agb184_640x480_bottom.jpg,/Users/tanishqjadhav/Desktop/Extractor/data/raw/189576805-114-agb184/agb184_640x480_bottom.jpg
1a2_nYynjEPXxbmiftlGLi-xEY024IRDv,189576805-114-agb184/agb184_640x480_top.jpg,/Users/tanishqjadhav/Desktop/Extractor/data/raw/189576805-114-agb184/agb184_640x480_top.jpg
1-_MWCaUw0otfzjHCs0v7MStg-Ht-EewA,189576805-114-agb184/agb184_640x480_back.jpg,/Users/tanishqjadhav/Desktop/Extractor/data/raw/189576805-114-agb184/agb184_640x480_back.jpg
1XD-HbmWe5H8uJMoWiwKee-h5lm5iI4p_,189576805-114-agb184/agb184_640x480_front.jpg,/Users/tanishqjadhav/Desktop/Extractor/data/raw/189576805-114-agb184/agb184_640x480_front.jpg
1xaTmBFlc6hxGxR32kbiTE-Ob4nBSV-Bh,189576829-114-sk_638_____l_25/sk_638_____l_25.txt,/Users/tanishqjadhav/Desktop/Extractor/data/raw/189576829-114-sk_638_____l_25/sk_638_____l_25.txt
1vBAtY68e2svd5on9iDN3IJV0qNK6LPBS,189576829-114-sk_638_____l_25/sk_638_____l_25_640x480_iso.jpg,/Users/tanishqjadhav/Desktop/Extractor/data/raw/189576829-114-sk_638_____l_25/sk_638_____l_25_640x480_iso.jpg
1jDrU6qmq57pIBbw7YGRurKSdzrET7X5a,189576829-114-sk_638_____l_25/sk_638_____l_25_640x480_right.jpg,/Users/tanishqjadhav/Desktop/Extractor/data/raw/189576829-114-sk_638_____l_25/sk_638_____l_25_640x480_right.jpg
1_MwyZjhrQjLz0ZFc2LtAcnNJuWoyX6vg,189576829-114-sk_638_____l_25/sk_638_____l_25_640x480_left.jpg,/Users/tanishqjadhav/Desktop/Extractor/data/raw/189576829-114-sk_638_____l_25/sk_638_____l_25_640x480_left.jpg
1qwRAoEwM4ox5Cu2SqPrzikWASukfHu4R,189576829-114-sk_638_____l_25/sk_638_____l_25_640x480_bottom.jpg,/Users/tanishqjadhav/Desktop/Extractor/data/raw/189576829-114-sk_638_____l_25/sk_638_____l_25_640x480_bottom.jpg
15bglWQGjRWAAamghGs606r8FfJQ5DVZN,189576829-114-sk_638_____l_25/sk_638_____l_25_640x480_top.jpg,/Users/tanishqjadhav/Desktop/Extractor/data/raw/189576829-114-sk_638_____l_25/sk_638_____l_25_640x480_top.jpg
1xqZ2mVeoU3MyJIJ8OnSkyESqrQpxq5Lv,189576829-114-sk_638_____l_25/sk_638_____l_25_640x480_back.jpg,/Users/tanishqjadhav/Desktop/Extractor/data/raw/189576829-114-sk_638_____l_25/sk_638_____l_25_640x480_back.jpg
12oe23uvUDDuCeBSFNi2rXhLse1jSkKKZ,189576829-114-sk_638_____l_25/sk_638_____l_25_640x480_front.jpg,/Users/tanishqjadhav/Desktop/Extractor/data/raw/189576829-114-sk_638_____l_25/sk_638_____l_25_640x480_front.jpg
1J0mJGn1bnNXszY6phSEgMXRq733MKjuh,189576716-114-rm510-hcv-rcv-brake/rm510-hcv-rcv-brake.txt,/Users/tanishqjadhav/Desktop/Extractor/data/raw/189576716-114-rm510-hcv-rcv-brake/rm510-hcv-rcv-brake.txt
1wXpX9eaS01O2wyNqrF47_S2kK0ozcj2X,189576716-114-rm510-hcv-rcv-brake/rm510-hcv-rcv-brake_640x480_iso.jpg,/Users/tanishqjadhav/Desktop/Extractor/data/raw/189576716-114-rm510-hcv-rcv-brake/rm510-hcv-rcv-brake_640x480_iso.jpg
1nCCj15s4twHLZrYav9v1T2nXzRAvuWJz,189576716-114-rm510-hcv-rcv-brake/rm510-hcv-rcv-brake_640x480_right.jpg,/Users/tanishqjadhav/Desktop/Extractor/data/raw/189576716-114-rm510-hcv-rcv-brake/rm510-hcv-rcv-brake_640x480_right.jpg
18zQKcyZBCJ-zP_JV5eil948dEvQ2t0Br,189576716-114-rm510-hcv-rcv-brake/rm510-hcv-rcv-brake_640x480_left.jpg,/Users/tanishqjadhav/Desktop/Extractor/data/raw/189576716-114-rm510-hcv-rcv-brake/rm510-hcv-rcv-brake_640x480_left.jpg
1RytvOv8-2-x9R04mUl4tWmYTvHseEjvR,189576716-114-rm510-hcv-rcv-brake/rm510-hcv-rcv-brake_640x480_bottom.jpg,/Users/tanishqjadhav/Desktop/Extractor/data/raw/189576716-114-rm510-hcv-rcv-brake/rm510-hcv-rcv-brake_640x480_bottom.jpg
1DvOHJ3rTSbjb-FdO4QRFHaPwAmkZJan7,189576716-114-rm510-hcv-rcv-brake/rm510-hcv-rcv-brake_640x480_top.jpg,/Users/tanishqjadhav/Desktop/Extractor/data/raw/189576716-114-rm510-hcv-rcv-brake/rm510-hcv-rcv-brake_640x480_top.jpg
1mrY7_sEZiLVlkUdBfjJinhm83G58t9SI,189576716-114-rm510-hcv-rcv-brake/rm510-hcv-rcv-brake_640x480_back.jpg,/Users/tanishqjadhav/Desktop/Extractor/data/raw/189576716-114-rm510-hcv-rcv-brake/rm510-hcv-rcv-brake_640x480_back.jpg
1a6nuTwSccOiaSZkOlgyT7dJqaN7tWeMs,189576716-114-rm510-hcv-rcv-brake/rm510-hcv-rcv-brake_640x480_front.jpg,/Users/tanishqjadhav/Desktop/Extractor/data/raw/189576716-114-rm510-hcv-rcv-brake/rm510-hcv-rcv-brake_640x480_front.jpg
1eP0vdX6orFa-vg82XCihdWtu7wfsQIfS,189576667-114-2m02/2m02.txt,/Users/tanishqjadhav/Desktop/Extractor/data/raw/189576667-114-2m02/2m02.txt
1a1ZG1X_vxf-79gquf_iGHr9rCUGWuYqt,189576667-114-2m02/2m02_640x480_iso.jpg,/Users/tanishqjadhav/Desktop/Extractor/data/raw/189576667-114-2m02/2m02_640x480_iso.jpg
1aMBl1S1dg6UkAlp8eXGxhOPONqwdgR3p,189576667-114-2m02/2m02_640x480_right.jpg,/Users/tanishqjadhav/Desktop/Extractor/data/raw/189576667-114-2m02/2m02_640x480_right.jpg
1fWjWQNholHJEiWmNMvGXtqmpRE7d5KK3,189576667-114-2m02/2m02_640x480_left.jpg,/Users/tanishqjadhav/Desktop/Extractor/data/raw/189576667-114-2m02/2m02_640x480_left.jpg
12zZ92hGPCUq8gJEelkCoepmfMEgdBv9Z,189576667-114-2m02/2m02_640x480_bottom.jpg,/Users/tanishqjadhav/Desktop/Extractor/data/raw/189576667-114-2m02/2m02_640x480_bottom.jpg
10dtr_qTcpjXlGAji8w_iZY0ybIy75s5P,189576667-114-2m02/2m02_640x480_top.jpg,/Users/tanishqjadhav/Desktop/Extractor/data/raw/189576667-114-2m02/2m02_640x480_top.jpg
1HNej9HhRUVysLIYVZiwkLvChbZN6j0HD,189576667-114-2m02/2m02_640x480_back.jpg,/Users/tanishqjadhav/Desktop/Extractor/data/raw/189576667-114-2m02/2m02_640x480_back.jpg
1zo8u96-2dKDC5NDy9PdpI3E3lrUzDR2m,189576667-114-2m02/2m02_640x480_front.jpg,/Users/tanishqjadhav/Desktop/Extractor/data/raw/189576667-114-2m02/2m02_640x480_front.jpg
1AHZuEzCLCYrGL37AA42li9EC0JtR3r55,189576400-114-mmq-40125hm/mmq-40125hm.txt,/Users/tanishqjadhav/Desktop/Extractor/data/raw/189576400-114-mmq-40125hm/mmq-40125hm.txt
1XkB9MNAzCZ7GAROQIPzYa1H6U3nKD8Hp,189576400-114-mmq-40125hm/mmq-40125hm_640x480_iso.jpg,/Users/tanishqjadhav/Desktop/Extractor/data/raw/189576400-114-mmq-40125hm/mmq-40125hm_640x480_iso.jpg
1RsrHOj7cWv7ZSQaDzMZ7j2Uj2f5-3p-Q,189576400-114-mmq-40125hm/mmq-40125hm_640x480_right.jpg,/Users/tanishqjadhav/Desktop/Extractor/data/raw/189576400-114-mmq-40125hm/mmq-40125hm_640x480_right.jpg
1AP95XUzG352pScXQ3q-qN6pd9Evc9r4J,189576400-114-mmq-40125hm/mmq-40125hm_640x480_left.jpg,/Users/tanishqjadhav/Desktop/Extractor/data/raw/189576400-114-mmq-40125hm/mmq-40125hm_640x480_left.jpg
1EbrqZdexjzYMjK70yI8xa8LkIw3I1o5Z,189576400-114-mmq-40125hm/mmq-40125hm_640x480_bottom.jpg,/Users/tanishqjadhav/Desktop/Extractor/data/raw/189576400-114-mmq-40125hm/mmq-40125hm_640x480_bottom.jpg
1GzQk-VP-YjeFx_14JRBP9M8lEMWggd3_,189576400-114-mmq-40125hm/mmq-40125hm_640x480_top.jpg,/Users/tanishqjadhav/Desktop/Extractor/data/raw/189576400-114-mmq-40125hm/mmq-40125hm_640x480_top.jpg
1Zj6SXkX3p8Z6PKlWJmmZt_bClcjoZUpk,189576400-114-mmq-40125hm/mmq-40125hm_640x480_back.jpg,/Users/tanishqjadhav/Desktop/Extractor/data/raw/189576400-114-mmq-40125hm/mmq-40125hm_640x480_back.jpg
1inByyI6-yjnvirNRgQqC5IsnbIC0H10n,189576400-114-mmq-40125hm/mmq-40125hm_640x480_front.jpg,/Users/tanishqjadhav/Desktop/Extractor/data/raw/189576400-114-mmq-40125hm/mmq-40125hm_640x480_front.jpg
19qq7z1yNg1a3c_5qwyW4BiAgGfz0R4mE,189576355-114-bpf_24_01/bpf_24_01.txt,/Users/tanishqjadhav/Desktop/Extractor/data/raw/189576355-114-bpf_24_01/bpf_24_01.txt
13kG5ZsJvYjQV6K5BHx6q1vxvmHhMzEt9,189576355-114-bpf_24_01/bpf_24_01_640x480_iso.jpg,/Users/tanishqjadhav/Desktop/Extractor/data/raw/189576355-114-bpf_24_01/bpf_24_01_640x480_iso.jpg
189ArTvcbnRENn0wylhDyCmpGompzpzma,189576355-114-bpf_24_01/bpf_24_01_640x480_right.jpg,/Users/tanishqjadhav/Desktop/Extractor/data/raw/189576355-114-bpf_24_01/bpf_24_01_640x480_right.jpg
18I8E6l1U_64RcehDU6r5GajvX4s4rkPq,189576355-114-bpf_24_01/bpf_24_01_640x480_left.jpg,/Users/tanishqjadhav/Desktop/Extractor/data/raw/189576355-114-bpf_24_01/bpf_24_01_640x480_left.jpg
1kHPY9N95LBfzl-aP-AUG073PU_l0zjdj,189576355-114-bpf_24_01/bpf_24_01_640x480_bottom.jpg,/Users/tanishqjadhav/Desktop/Extractor/data/raw/189576355-114-bpf_24_01/bpf_24_01_640x480_bottom.jpg
1fCxckvGjJG9rw7rM6HC_7FU4v88pKAQk,189576355-114-bpf_24_01/bpf_24_01_640x480_top.jpg,/Users/tanishqjadhav/Desktop/Extractor/data/raw/189576355-114-bpf_24_01/bpf_24_01_640x480_top.jpg
1-ya7xhABIJvEIT8tRpHSNY1fw_yz_QVP,189576355-114-bpf_24_01/bpf_24_01_640x480_back.jpg,/Users/tanishqjadhav/Desktop/Extractor/data/raw/189576355-114-bpf_24_01/bpf_24_01_640x480_back.jpg
1MvaIcpIkkVAOJtxLw2Yz5mA-_Ct5E_V6,189576355-114-bpf_24_01/bpf_24_01_640x480_front.jpg,/Users/tanishqjadhav/Desktop/Extractor/data/raw/189576355-114-bpf_24_01/bpf_24_01_640x480_front.jpg
1s_SYiQ_anb0FJlaUECTRNPuqlNno3k6l,189576372-114-inv-0065/inv-0065.txt,/Users/tanishqjadhav/Desktop/Extractor/data/raw/189576372-114-inv-0065/inv-0065.txt
1jpyipbKRcLBw1jUMM6H2eMKPmrD_oTUI,189576372-114-inv-0065/inv-0065_640x480_iso.jpg,/Users/tanishqjadhav/Desktop/Extractor/data/raw/189576372-114-inv-0065/inv-0065_640x480_iso.jpg
1u7bBCvdauuK59SMW5c3bXFeNWt1VhGa-,189576372-114-inv-0065/inv-0065_640x480_right.jpg,/Users/tanishqjadhav/Desktop/Extractor/data/raw/189576372-114-inv-0065/inv-0065_640x480_right.jpg
1ixAVsi-5ryOvv7dA9iqjh2169PYsMPSL,189576372-114-inv-0065/inv-0065_640x480_left.jpg,/Users/tanishqjadhav/Desktop/Extractor/data/raw/189576372-114-inv-0065/inv-0065_640x480_left.jpg
1dbPP9Q7f_1OoJLdmWBUtCPJ6x8bF9qIx,189576372-114-inv-0065/inv-0065_640x480_bottom.jpg,/Users/tanishqjadhav/Desktop/Extractor/data/raw/189576372-114-inv-0065/inv-0065_640x480_bottom.jpg
1ISaFGobE1-UficQ7pXF7_IScs6-cUzem,189576372-114-inv-0065/inv-0065_640x480_top.jpg,/Users/tanishqjadhav/Desktop/Extractor/data/raw/189576372-114-inv-0065/inv-0065_640x480_top.jpg
19xe2kvcf_oeev6xYouhHWmA3AhtHnLeD,189576372-114-inv-0065/inv-0065_640x480_back.jpg,/Users/tanishqjadhav/Desktop/Extractor/data/raw/189576372-114-inv-0065/inv-0065_640x480_back.jpg
1OwKoy2apyO-Y2Lk2tufcyWs_0ksAtE2Z,189576372-114-inv-0065/inv-0065_640x480_front.jpg,/Users/tanishqjadhav/Desktop/Extractor/data/raw/189576372-114-inv-0065/inv-0065_640x480_front.jpg
1ymNVHGggS1mCYfKZ6mKqFO2_sfuqRAGu,189576581-114-_a921cy-470m_p3/_a921cy-470m_p3.txt,/Users/tanishqjadhav/Desktop/Extractor/data/raw/189576581-114-_a921cy-470m_p3/_a921cy-470m_p3.txt
145JwhcOsCeh9VVpwp9i7OKo9EP3U_Tpu,189576581-114-_a921cy-470m_p3/_a921cy-470m_p3_640x480_iso.jpg,/Users/tanishqjadhav/Desktop/Extractor/data/raw/189576581-114-_a921cy-470m_p3/_a921cy-470m_p3_640x480_iso.jpg
15gB49Ywrb5wY9KVjmPcBqzRzB4WZJqjA,189576581-114-_a921cy-470m_p3/_a921cy-470m_p3_640x480_right.jpg,/Users/tanishqjadhav/Desktop/Extractor/data/raw/189576581-114-_a921cy-470m_p3/_a921cy-470m_p3_640x480_right.jpg
1yvb4Ol2w0E8fNQPmOkYhX_BXdb_NOAkR,189576581-114-_a921cy-470m_p3/_a921cy-470m_p3_640x480_left.jpg,/Users/tanishqjadhav/Desktop/Extractor/data/raw/189576581-114-_a921cy-470m_p3/_a921cy-470m_p3_640x480_left.jpg
1VAmXy857EJAFTkt3qZZn5eukevEA86SE,189576581-114-_a921cy-470m_p3/_a921cy-470m_p3_640x480_bottom.jpg,/Users/tanishqjadhav/Desktop/Extractor/data/raw/189576581-114-_a921cy-470m_p3/_a921cy-470m_p3_640x480_bottom.jpg
1m48u_KSX7RYAAxIuTyFEh6H6W9ssS9KR,189576581-114-_a921cy-470m_p3/_a921cy-470m_p3_640x480_top.jpg,/Users/tanishqjadhav/Desktop/Extractor/data/raw/189576581-114-_a921cy-470m_p3/_a921cy-470m_p3_640x480_top.jpg
12QjO31hRJ5c0DXy86TSTe0BFe12LfKVr,189576581-114-_a921cy-470m_p3/_a921cy-470m_p3_640x480_back.jpg,/Users/tanishqjadhav/Desktop/Extractor/data/raw/189576581-114-_a921cy-470m_p3/_a921cy-470m_p3_640x480_back.jpg
1U-NTaEkxbgcP5pZ6bbV58DjVC3WI9ECd,189576581-114-_a921cy-470m_p3/_a921cy-470m_p3_640x480_front.jpg,/Users/tanishqjadhav/Desktop/Extractor/data/raw/189576581-114-_a921cy-470m_p3/_a921cy-470m_p3_640x480_front.jpg
1ZJISdNJcF-s5T67sN2r7MMuJV5upnH1Q,189576514-114-71071085/71071085.txt,/Users/tanishqjadhav/Desktop/Extractor/data/raw/189576514-114-71071085/71071085.txt
13q_zVJmaK_Kc9EY3SjBlK2eSDJO97fkq,189576514-114-71071085/71071085_640x480_iso.jpg,/Users/tanishqjadhav/Desktop/Extractor/data/raw/189576514-114-71071085/71071085_640x480_iso.jpg
1saJiWEUmmAl34sXpZ9rqhw3-GXUfCeb7,189576514-114-71071085/71071085_640x480_right.jpg,/Users/tanishqjadhav/Desktop/Extractor/data/raw/189576514-114-71071085/71071085_640x480_right.jpg
10XyF0mV2i3efF5zd5_mddkw7Xem-2tio,189576514-114-71071085/71071085_640x480_left.jpg,/Users/tanishqjadhav/Desktop/Extractor/data/raw/189576514-114-71071085/71071085_640x480_left.jpg
1I5KX91wXJcvfzy89LPtLHyomUFopKt2n,189576514-114-71071085/71071085_640x480_bottom.jpg,/Users/tanishqjadhav/Desktop/Extractor/data/raw/189576514-114-71071085/71071085_640x480_bottom.jpg
1A74ZAvXzBPTEJ8-dE3LoVMVrfd62JtUU,189576514-114-71071085/71071085_640x480_top.jpg,/Users/tanishqjadhav/Desktop/Extractor/data/raw/189576514-114-71071085/71071085_640x480_top.jpg
1NzM8iUIljqBCYTDEwgx3P-23xmF9QTBB,189576514-114-71071085/71071085_640x480_back.jpg,/Users/tanishqjadhav/Desktop/Extractor/data/raw/189576514-114-71071085/71071085_640x480_back.jpg
1VZJPqD6qmJGI4o2AnA8TjJuBL99GwqYC,189576514-114-71071085/71071085_640x480_front.jpg,/Users/tanishqjadhav/Desktop/Extractor/data/raw/189576514-114-71071085/71071085_640x480_front.jpg
1hA8ZtuJdUSJBSyL3x9Ng5-HEOWzVYq2k,189576534-114-70027399/70027399.txt,/Users/tanishqjadhav/Desktop/Extractor/data/raw/189576534-114-70027399/70027399.txt
1JDg1CP7TuNe_i63K4tRPER10XfAPfo1Z,189576534-114-70027399/70027399_640x480_iso.jpg,/Users/tanishqjadhav/Desktop/Extractor/data/raw/189576534-114-70027399/70027399_640x480_iso.jpg
1j06Hi5XuTfCJTJ0IMrxLP2AgOrpVejDP,189576534-114-70027399/70027399_640x480_right.jpg,/Users/tanishqjadhav/Desktop/Extractor/data/raw/189576534-114-70027399/70027399_640x480_right.jpg
1hpSghoA_5GRtXv1C5iWGVsoEMxcvMmTw,189576534-114-70027399/70027399_640x480_left.jpg,/Users/tanishqjadhav/Desktop/Extractor/data/raw/189576534-114-70027399/70027399_640x480_left.jpg
1bv-tLawPqoVkMGT70oEqJzTrgmovqlXM,189576534-114-70027399/70027399_640x480_bottom.jpg,/Users/tanishqjadhav/Desktop/Extractor/data/raw/189576534-114-70027399/70027399_640x480_bottom.jpg
1sWE0FPOF19oErQA2h-00NaOSr3yUpjiC,189576534-114-70027399/70027399_640x480_top.jpg,/Users/tanishqjadhav/Desktop/Extractor/data/raw/189576534-114-70027399/70027399_640x480_top.jpg
1XIVLcP5BUaCmm5Oowzcrhk4KoosF-K8v,189576534-114-70027399/70027399_640x480_back.jpg,/Users/tanishqjadhav/Desktop/Extractor/data/raw/189576534-114-70027399/70027399_640x480_back.jpg
1K376ksd2Ewvnc5fGghGRlCG-CiGO2OXn,189576534-114-70027399/70027399_640x480_front.jpg,/Users/tanishqjadhav/Desktop/Extractor/data/raw/189576534-114-70027399/70027399_640x480_front.jpg
16ZpvDDRVsfERtZpMxivsGHJ9FWKnUXsx,189576478-114-70996524/70996524.txt,/Users/tanishqjadhav/Desktop/Extractor/data/raw/189576478-114-70996524/70996524.txt
1rcPhHTu_Qw7iErygZ0h7VgZpzZszSydz,189576478-114-70996524/70996524_640x480_iso.jpg,/Users/tanishqjadhav/Desktop/Extractor/data/raw/189576478-114-70996524/70996524_640x480_iso.jpg
1ai8FlY3vGK7872UWrGWlHZz8OAu4wltT,189576478-114-70996524/70996524_640x480_right.jpg,/Users/tanishqjadhav/Desktop/Extractor/data/raw/189576478-114-70996524/70996524_640x480_right.jpg
1iiNj3LNYAcFyAQ_BLf-iNLdh3LReHKtM,189576478-114-70996524/70996524_640x480_left.jpg,/Users/tanishqjadhav/Desktop/Extractor/data/raw/189576478-114-70996524/70996524_640x480_left.jpg
1vNYLnq_LHp8Bw962QEaRFj3_0YSel3SM,189576478-114-70996524/70996524_640x480_bottom.jpg,/Users/tanishqjadhav/Desktop/Extractor/data/raw/189576478-114-70996524/70996524_640x480_bottom.jpg
1_Xm14nBU-XGizA27lDEL_oZohQYS1qA1,189576478-114-70996524/70996524_640x480_top.jpg,/Users/tanishqjadhav/Desktop/Extractor/data/raw/189576478-114-70996524/70996524_640x480_top.jpg
1EcSkkE3Rzpl3Q9d-AEVnLflwRrIIv5a8,189576478-114-70996524/70996524_640x480_back.jpg,/Users/tanishqjadhav/Desktop/Extractor/data/raw/189576478-114-70996524/70996524_640x480_back.jpg
1QtpfRu-XlS-MWGq7ZQilArLN6t5IlKxj,189576478-114-70996524/70996524_640x480_front.jpg,/Users/tanishqjadhav/Desktop/Extractor/data/raw/189576478-114-70996524/70996524_640x480_front.jpg
1MFRVD5tLDUFeT2KOzUfggKh610uIF-VM,189576464-114-c1-106812/c1-106812.txt,/Users/tanishqjadhav/Desktop/Extractor/data/raw/189576464-114-c1-106812/c1-106812.txt
1jUHeSu1H4cqQ8wvelTFeZS2eT9bXTRbK,189576464-114-c1-106812/c1-106812_640x480_iso.jpg,/Users/tanishqjadhav/Desktop/Extractor/data/raw/189576464-114-c1-106812/c1-106812_640x480_iso.jpg
17w6HpI8AA_Cye5R3xw5ghB3BzPq3nEAi,189576464-114-c1-106812/c1-106812_640x480_right.jpg,/Users/tanishqjadhav/Desktop/Extractor/data/raw/189576464-114-c1-106812/c1-106812_640x480_right.jpg
1jsJWWwsxW-2iudOw6d68akSpZjEomor0,189576464-114-c1-106812/c1-106812_640x480_left.jpg,/Users/tanishqjadhav/Desktop/Extractor/data/raw/189576464-114-c1-106812/c1-106812_640x480_left.jpg
1lC2i0JEnpVWjC3YsGMv1qu8P3vQCqULa,189576464-114-c1-106812/c1-106812_640x480_bottom.jpg,/Users/tanishqjadhav/Desktop/Extractor/data/raw/189576464-114-c1-106812/c1-106812_640x480_bottom.jpg
1ncJdrj5Jvs8wOp9OVzA1HiXzZJxrQuzb,189576464-114-c1-106812/c1-106812_640x480_top.jpg,/Users/tanishqjadhav/Desktop/Extractor/data/raw/189576464-114-c1-106812/c1-106812_640x480_top.jpg
1gFfA4yWTLIuJMuCh47r4_IkSBJxVRFpn,189576464-114-c1-106812/c1-106812_640x480_back.jpg,/Users/tanishqjadhav/Desktop/Extractor/data/raw/189576464-114-c1-106812/c1-106812_640x480_back.jpg
1HMJ7mGZI8irMXb7aE0Oz4uwRiABNFDmR,189576464-114-c1-106812/c1-106812_640x480_front.jpg,/Users/tanishqjadhav/Desktop/Extractor/data/raw/189576464-114-c1-106812/c1-106812_640x480_front.jpg
1M1jTlmSDsQ-_RlWGs9aJsxy8JxW1HuHO,189576457-114-1334401/1334401.txt,/Users/tanishqjadhav/Desktop/Extractor/data/raw/189576457-114-1334401/1334401.txt
17kkxmiOX-9HgmO-UEPAhFuv86uBTinWT,189576457-114-1334401/1334401_640x480_iso.jpg,/Users/tanishqjadhav/Desktop/Extractor/data/raw/189576457-114-1334401/1334401_640x480_iso.jpg
1T4SsiJffJQunZTb_DA0zuZ93HbmJMOMD,189576457-114-1334401/1334401_640x480_right.jpg,/Users/tanishqjadhav/Desktop/Extractor/data/raw/189576457-114-1334401/1334401_640x480_right.jpg
15t12rRjEls_2Up2L8zGNbarFJQ0B-jcP,189576457-114-1334401/1334401_640x480_left.jpg,/Users/tanishqjadhav/Desktop/Extractor/data/raw/189576457-114-1334401/1334401_640x480_left.jpg
1Ymw8gfnMUbU-XCJsJf789apCWaFPCigQ,189576457-114-1334401/1334401_640x480_bottom.jpg,/Users/tanishqjadhav/Desktop/Extractor/data/raw/189576457-114-1334401/1334401_640x480_bottom.jpg
1udfCuL5L2YeeHtMrdrzMwZ0N5HvJIxsF,189576457-114-1334401/1334401_640x480_top.jpg,/Users/tanishqjadhav/Desktop/Extractor/data/raw/189576457-114-1334401/1334401_640x480_top.jpg
1V_ZjBvIyUaj-NOyy62vNkiQW4U36yD1S,189576457-114-1334401/1334401_640x480_back.jpg,/Users/tanishqjadhav/Desktop/Extractor/data/raw/189576457-114-1334401/1334401_640x480_back.jpg
1oN6WQKO7JUEWtsdq5g9ECovbJSA6_O-m,189576457-114-1334401/1334401_640x480_front.jpg,/Users/tanishqjadhav/Desktop/Extractor/data/raw/189576457-114-1334401/1334401_640x480_front.jpg
1bM_OsMNslgKSQNIbJl8xAsXV7esAuz1p,189576453-114-1859782/1859782.txt,/Users/tanishqjadhav/Desktop/Extractor/data/raw/189576453-114-1859782/1859782.txt
1bMyEufaZ4oJyuPEIDcFma8uNQYgh-Nz0,189576453-114-1859782/1859782_640x480_iso.jpg,/Users/tanishqjadhav/Desktop/Extractor/data/raw/189576453-114-1859782/1859782_640x480_iso.jpg
1nXdQCR2rEq20yCFnKmN7mvstLGpXNjkG,189576453-114-1859782/1859782_640x480_right.jpg,/Users/tanishqjadhav/Desktop/Extractor/data/raw/189576453-114-1859782/1859782_640x480_right.jpg
1Ea9dVyOAb8-8AO1W0ObvPNCMHupvzPV4,189576453-114-1859782/1859782_640x480_left.jpg,/Users/tanishqjadhav/Desktop/Extractor/data/raw/189576453-114-1859782/1859782_640x480_left.jpg
1hwWADV2b-hXl9jWyE28AaBHk5VoH2CC3,189576453-114-1859782/1859782_640x480_bottom.jpg,/Users/tanishqjadhav/Desktop/Extractor/data/raw/189576453-114-1859782/1859782_640x480_bottom.jpg
1TyW-_MrzKX4oLcDG9gJCgfQYbfWnorcO,189576453-114-1859782/1859782_640x480_top.jpg,/Users/tanishqjadhav/Desktop/Extractor/data/raw/189576453-114-1859782/1859782_640x480_top.jpg
1Xi8bIhj3hdt_o145Qc-Bx6qjmBB5NcNt,189576453-114-1859782/1859782_640x480_back.jpg,/Users/tanishqjadhav/Desktop/Extractor/data/raw/189576453-114-1859782/1859782_640x480_back.jpg
19XRdLSlbXnEhZ15RGAwCrKb_HisX7fV6,189576453-114-1859782/1859782_640x480_front.jpg,/Users/tanishqjadhav/Desktop/Extractor/data/raw/189576453-114-1859782/1859782_640x480_front.jpg
1I5mEYUF7IEGCFg7P3WzWCTj-6eOcj19d,189575894-34-70095408/70095408.txt,/Users/tanishqjadhav/Desktop/Extractor/data/raw/189575894-34-70095408/70095408.txt
1LWXXS-FC84gsRPw48xRcsOtKWzZRMHhc,189575894-34-70095408/70095408_640x480_iso.png,/Users/tanishqjadhav/Desktop/Extractor/data/raw/189575894-34-70095408/70095408_640x480_iso.png
16PTlegGEXgvrk4HueXaMT2BXMeTPpZO6,189575894-34-70095408/70095408_640x480_right.png,/Users/tanishqjadhav/Desktop/Extractor/data/raw/189575894-34-70095408/70095408_640x480_right.png
154_jC3r5MWHFFi8q4pqGC7KxBZf8fxPd,189575894-34-70095408/70095408_640x480_left.png,/Users/tanishqjadhav/Desktop/Extractor/data/raw/189575894-34-70095408/70095408_640x480_left.png
1frTy19pV0-mkvAE2YlwL6KQuRWI2bak_,189575894-34-70095408/70095408_640x480_bottom.png,/Users/tanishqjadhav/Desktop/Extractor/data/raw/189575894-34-70095408/70095408_640x480_bottom.png
1DiuYgfJcftueNXVpbFfXQWZbqxsPCOYb,189575894-34-70095408/70095408_640x480_top.png,/Users/tanishqjadhav/Desktop/Extractor/data/raw/189575894-34-70095408/70095408_640x480_top.png
19JuHMmVfw4BTyi28D1ErhVpyd-CzpPVt,189575894-34-70095408/70095408_640x480_back.png,/Users/tanishqjadhav/Desktop/Extractor/data/raw/189575894-34-70095408/70095408_640x480_back.png
1cyeImRUED3t4t9PBrutBLvqsFqSZNnZE,189575894-34-70095408/70095408_640x480_front.png,/Users/tanishqjadhav/Desktop/Extractor/data/raw/189575894-34-70095408/70095408_640x480_front.png
1kuprzOygSr6689x021qErftsyMvO-TYq,189576293-114-01401215/01401215.txt,/Users/tanishqjadhav/Desktop/Extractor/data/raw/189576293-114-01401215/01401215.txt
1d-7C9-wc_ZvJBTrsKzNTifxuJ8xpAP-l,189576293-114-01401215/01401215_640x480_iso.jpg,/Users/tanishqjadhav/Desktop/Extractor/data/raw/189576293-114-01401215/01401215_640x480_iso.jpg
1R8Qs2_27hSA-1xZ7JgViHAuHe1aZBu-P,189576293-114-01401215/01401215_640x480_right.jpg,/Users/tanishqjadhav/Desktop/Extractor/data/raw/189576293-114-01401215/01401215_640x480_right.jpg
1R0oLD_ywQ5cFHi4n9RZU8O5dd72bu-zx,189576293-114-01401215/01401215_640x480_left.jpg,/Users/tanishqjadhav/Desktop/Extractor/data/raw/189576293-114-01401215/01401215_640x480_left.jpg
177N4TMMAWEdjPIoMDQN3HK9p4dUS2dUk,189576293-114-01401215/01401215_640x480_bottom.jpg,/Users/tanishqjadhav/Desktop/Extractor/data/raw/189576293-114-01401215/01401215_640x480_bottom.jpg
139cjaFyM634IOjcNuFOS272MBXF6DDxo,189576293-114-01401215/01401215_640x480_top.jpg,/Users/tanishqjadhav/Desktop/Extractor/data/raw/189576293-114-01401215/01401215_640x480_top.jpg
1hG-rbYUGe1tmJt2zhw1FjIJIkl4NlI8C,189576293-114-01401215/01401215_640x480_back.jpg,/Users/tanishqjadhav/Desktop/Extractor/data/raw/189576293-114-01401215/01401215_640x480_back.jpg
1iSAPYNoZcga9BNXZa1N2lXMHj-Pn34Sr,189576293-114-01401215/01401215_640x480_front.jpg,/Users/tanishqjadhav/Desktop/Extractor/data/raw/189576293-114-01401215/01401215_640x480_front.jpg
1bWf1KDy-1BYCsX7LnJ3AcuFatq-27qK9,189576282-114-atm60-aaa12x12/atm60-aaa12x12.txt,/Users/tanishqjadhav/Desktop/Extractor/data/raw/189576282-114-atm60-aaa12x12/atm60-aaa12x12.txt
1CaO3Lza-_Y_XrRSmZYzpS43bGlt0GMB0,189576282-114-atm60-aaa12x12/atm60-aaa12x12_640x480_iso.jpg,/Users/tanishqjadhav/Desktop/Extractor/data/raw/189576282-114-atm60-aaa12x12/atm60-aaa12x12_640x480_iso.jpg
15ncPJZHS7Dbg_5N-tv5-Fhxbxps00biJ,189576282-114-atm60-aaa12x12/atm60-aaa12x12_640x480_right.jpg,/Users/tanishqjadhav/Desktop/Extractor/data/raw/189576282-114-atm60-aaa12x12/atm60-aaa12x12_640x480_right.jpg
167-dvJmsBufi17U3RCknaQ6ESDXbHzRS,189576282-114-atm60-aaa12x12/atm60-aaa12x12_640x480_left.jpg,/Users/tanishqjadhav/Desktop/Extractor/data/raw/189576282-114-atm60-aaa12x12/atm60-aaa12x12_640x480_left.jpg
1PmZmk1KJO1HAnZEIuGvpLqbZtAj0qcMF,189576282-114-atm60-aaa12x12/atm60-aaa12x12_640x480_bottom.jpg,/Users/tanishqjadhav/Desktop/Extractor/data/raw/189576282-114-atm60-aaa12x12/atm60-aaa12x12_640x480_bottom.jpg
170UlZcLm693exzWE5DdlyXb-b4UU6skc,189576282-114-atm60-aaa12x12/atm60-aaa12x12_640x480_top.jpg,/Users/tanishqjadhav/Desktop/Extractor/data/raw/189576282-114-atm60-aaa12x12/atm60-aaa12x12_640x480_top.jpg
1ZEkBGUoDU9A-Wf8HF6xaOwieNUQGRzlx,189576282-114-atm60-aaa12x12/atm60-aaa12x12_640x480_back.jpg,/Users/tanishqjadhav/Desktop/Extractor/data/raw/189576282-114-atm60-aaa12x12/atm60-aaa12x12_640x480_back.jpg
1xQUxYFN8b8c9GvnkBUVmkifL2DKi9qNC,189576282-114-atm60-aaa12x12/atm60-aaa12x12_640x480_front.jpg,/Users/tanishqjadhav/Desktop/Extractor/data/raw/189576282-114-atm60-aaa12x12/atm60-aaa12x12_640x480_front.jpg
1BEtaEfcYe_KAXY2KU1x43w3JCV7amwQQ,189576252-114-fm0v224zf/fm0v224zf.txt,/Users/tanishqjadhav/Desktop/Extractor/data/raw/189576252-114-fm0v224zf/fm0v224zf.txt
1NWimTMZtEuVdgYCb93cjePUdzJ6hgwjh,189576252-114-fm0v224zf/fm0v224zf_640x480_iso.jpg,/Users/tanishqjadhav/Desktop/Extractor/data/raw/189576252-114-fm0v224zf/fm0v224zf_640x480_iso.jpg
1Ggi9pZwVQaA9UlM2nwRcjKUUFjDuOFDz,189576252-114-fm0v224zf/fm0v224zf_640x480_right.jpg,/Users/tanishqjadhav/Desktop/Extractor/data/raw/189576252-114-fm0v224zf/fm0v224zf_640x480_right.jpg
1-2KRFYBvcbhaXm8EI21AiOBq5Tbmr5OY,189576252-114-fm0v224zf/fm0v224zf_640x480_left.jpg,/Users/tanishqjadhav/Desktop/Extractor/data/raw/189576252-114-fm0v224zf/fm0v224zf_640x480_left.jpg
1RGLoP5mrec0xT_KkAFELcKMtGscVfLkC,189576252-114-fm0v224zf/fm0v224zf_640x480_bottom.jpg,/Users/tanishqjadhav/Desktop/Extractor/data/raw/189576252-114-fm0v224zf/fm0v224zf_640x480_bottom.jpg
1RXRIb_85niVW6SJYNjz3tFCaIGOFkz3g,189576252-114-fm0v224zf/fm0v224zf_640x480_top.jpg,/Users/tanishqjadhav/Desktop/Extractor/data/raw/189576252-114-fm0v224zf/fm0v224zf_640x480_top.jpg
11mE59zu6PJiXx7HuJJ-YLXzc3lD-iOu4,189576252-114-fm0v224zf/fm0v224zf_640x480_back.jpg,/Users/tanishqjadhav/Desktop/Extractor/data/raw/189576252-114-fm0v224zf/fm0v224zf_640x480_back.jpg
1_5QuYXAaZYSrK98UMObkYAH_IWBaMn-I,189576252-114-fm0v224zf/fm0v224zf_640x480_front.jpg,/Users/tanishqjadhav/Desktop/Extractor/data/raw/189576252-114-fm0v224zf/fm0v224zf_640x480_front.jpg
1NAI_gpTNucJHLtmYYk_W32yw0jMYgo3y,189576249-114-fg0h104zf/fg0h104zf.txt,/Users/tanishqjadhav/Desktop/Extractor/data/raw/189576249-114-fg0h104zf/fg0h104zf.txt
1k2uH9XEeyNZ9whT88aU9H2A_NtivbNDA,189576249-114-fg0h104zf/fg0h104zf_640x480_iso.jpg,/Users/tanishqjadhav/Desktop/Extractor/data/raw/189576249-114-fg0h104zf/fg0h104zf_640x480_iso.jpg
14PMHV6mvwak0Pb5B1p6v2ayUOeR-izp4,189576249-114-fg0h104zf/fg0h104zf_640x480_right.jpg,/Users/tanishqjadhav/Desktop/Extractor/data/raw/189576249-114-fg0h104zf/fg0h104zf_640x480_right.jpg
1yczIaaZ_6Yalj5kbqKTWz6en2-HePPI9,189576249-114-fg0h104zf/fg0h104zf_640x480_left.jpg,/Users/tanishqjadhav/Desktop/Extractor/data/raw/189576249-114-fg0h104zf/fg0h104zf_640x480_left.jpg
1rCg5EVQoNDPk31G7B2dDFVT9Ai8E76fh,189576249-114-fg0h104zf/fg0h104zf_640x480_bottom.jpg,/Users/tanishqjadhav/Desktop/Extractor/data/raw/189576249-114-fg0h104zf/fg0h104zf_640x480_bottom.jpg
1OyMHX6qiwcNX8OXgVfcKazHYcBO-FUyX,189576249-114-fg0h104zf/fg0h104zf_640x480_top.jpg,/Users/tanishqjadhav/Desktop/Extractor/data/raw/189576249-114-fg0h104zf/fg0h104zf_640x480_top.jpg
1PpC7-IYrNfxKPooG7N7GXSg8PGfjcM2P,189576249-114-fg0h104zf/fg0h104zf_640x480_back.jpg,/Users/tanishqjadhav/Desktop/Extractor/data/raw/189576249-114-fg0h104zf/fg0h104zf_640x480_back.jpg
1mEeyQg2FHXAiVB-yd045E08McNGWqQp0,189576249-114-fg0h104zf/fg0h104zf_640x480_front.jpg,/Users/tanishqjadhav/Desktop/Extractor/data/raw/189576249-114-fg0h104zf/fg0h104zf_640x480_front.jpg
1l1sXTn4Z44JirCCQr0aufJXdixA5iN_8,189576205-114-119351/119351.txt,/Users/tanishqjadhav/Desktop/Extractor/data/raw/189576205-114-119351/119351.txt
1mLsOryzBx9xtId138T1aRmYIq75Y9Doq,189576205-114-119351/119351_640x480_iso.jpg,/Users/tanishqjadhav/Desktop/Extractor/data/raw/189576205-114-119351/119351_640x480_iso.jpg
1lqVXZQmA7NWKHkHorY9vYw93AqdZyD-u,189576205-114-119351/119351_640x480_right.jpg,/Users/tanishqjadhav/Desktop/Extractor/data/raw/189576205-114-119351/119351_640x480_right.jpg
1d9MU3SRtspIjtE64acNbFSShRfaulsg6,189576205-114-119351/119351_640x480_left.jpg,/Users/tanishqjadhav/Desktop/Extractor/data/raw/189576205-114-119351/119351_640x480_left.jpg
1PX4f5yV4-RdpIMK73YtSDEM4Gzm1a4yl,189576205-114-119351/119351_640x480_bottom.jpg,/Users/tanishqjadhav/Desktop/Extractor/data/raw/189576205-114-119351/119351_640x480_bottom.jpg
1npNLcaysQs9GeMtpzWx6GVY_NFfn1MJw,189576205-114-119351/119351_640x480_top.jpg,/Users/tanishqjadhav/Desktop/Extractor/data/raw/189576205-114-119351/119351_640x480_top.jpg
1YQWa3ZZCIukOWfzPC5z_cbvuoOhTOeh4,189576205-114-119351/119351_640x480_back.jpg,/Users/tanishqjadhav/Desktop/Extractor/data/raw/189576205-114-119351/119351_640x480_back.jpg
1y82TwR7P7c3t5BbMHit6FfDUdGo7twoI,189576205-114-119351/119351_640x480_front.jpg,/Users/tanishqjadhav/Desktop/Extractor/data/raw/189576205-114-119351/119351_640x480_front.jpg
1ADzJ_VeIb-obrgBI3-fvoK5IMtlgUPpS,189576175-114-t356a104k035at/t356a104k035at.txt,/Users/tanishqjadhav/Desktop/Extractor/data/raw/189576175-114-t356a104k035at/t356a104k035at.txt
1-Ogkg_65pwZ8iL1nBr2QEvKFnv-BF0QP,189576175-114-t356a104k035at/t356a104k035at_640x480_iso.jpg,/Users/tanishqjadhav/Desktop/Extractor/data/raw/189576175-114-t356a104k035at/t356a104k035at_640x480_iso.jpg
1gfWLWrEebjnVpIGPlU_a6Wprv5j3OOqB,189576175-114-t356a104k035at/t356a104k035at_640x480_right.jpg,/Users/tanishqjadhav/Desktop/Extractor/data/raw/189576175-114-t356a104k035at/t356a104k035at_640x480_right.jpg
1cosOkOLNUdcqN_diawlpoF8a-eHyn1Qt,189576175-114-t356a104k035at/t356a104k035at_640x480_left.jpg,/Users/tanishqjadhav/Desktop/Extractor/data/raw/189576175-114-t356a104k035at/t356a104k035at_640x480_left.jpg
14dFH9kkrxelYuNdgOvcf-6ECZRsRoQSr,189576175-114-t356a104k035at/t356a104k035at_640x480_bottom.jpg,/Users/tanishqjadhav/Desktop/Extractor/data/raw/189576175-114-t356a104k035at/t356a104k035at_640x480_bottom.jpg
1CQ3RYzT_lIeY9O2m5dxcOP5QyXnShvqh,189576175-114-t356a104k035at/t356a104k035at_640x480_top.jpg,/Users/tanishqjadhav/Desktop/Extractor/data/raw/189576175-114-t356a104k035at/t356a104k035at_640x480_top.jpg
1b5rpGuzZ7SRAItq7L5n_aQT2wIi-0BWG,189576175-114-t356a104k035at/t356a104k035at_640x480_back.jpg,/Users/tanishqjadhav/Desktop/Extractor/data/raw/189576175-114-t356a104k035at/t356a104k035at_640x480_back.jpg
13d_YxDpUd4ZrTEetvY-1IF2cjfEsxL5K,189576175-114-t356a104k035at/t356a104k035at_640x480_front.jpg,/Users/tanishqjadhav/Desktop/Extractor/data/raw/189576175-114-t356a104k035at/t356a104k035at_640x480_front.jpg
1zMyQqV4bcTFGtJ1ZPLq32TDhYRyskV9v,189576177-114-759407/759407.txt,/Users/tanishqjadhav/Desktop/Extractor/data/raw/189576177-114-759407/759407.txt
13E9NuAHnvX3nRBNGWmjZggx2LUlwtGdj,189576177-114-759407/759407_640x480_iso.jpg,/Users/tanishqjadhav/Desktop/Extractor/data/raw/189576177-114-759407/759407_640x480_iso.jpg
1htuvabIytuiiHFykr_Q77eGeDpOIt28r,189576177-114-759407/759407_640x480_right.jpg,/Users/tanishqjadhav/Desktop/Extractor/data/raw/189576177-114-759407/759407_640x480_right.jpg
1T9kEzZmT5MBQy3vufio_ZMhHQF9OfeAz,189576177-114-759407/759407_640x480_left.jpg,/Users/tanishqjadhav/Desktop/Extractor/data/raw/189576177-114-759407/759407_640x480_left.jpg
1LjGFC3zj0pdhP_qpz0qlQaXQIoHOjW5R,189576177-114-759407/759407_640x480_bottom.jpg,/Users/tanishqjadhav/Desktop/Extractor/data/raw/189576177-114-759407/759407_640x480_bottom.jpg
1_R9NOozUAnwEsY_nM4iDH2a555m34plD,189576177-114-759407/759407_640x480_top.jpg,/Users/tanishqjadhav/Desktop/Extractor/data/raw/189576177-114-759407/759407_640x480_top.jpg
1LEuOh51x7uemK1hcww_EyDxvsFyBDyCt,189576177-114-759407/759407_640x480_back.jpg,/Users/tanishqjadhav/Desktop/Extractor/data/raw/189576177-114-759407/759407_640x480_back.jpg
1B6NEJhJdjqRkqnO5FX9ZpQ92p37_hxVp,189576177-114-759407/759407_640x480_front.jpg,/Users/tanishqjadhav/Desktop/Extractor/data/raw/189576177-114-759407/759407_640x480_front.jpg
19wLozdWDikWwsVwUZE1oni8-Gghbcviz,189576149-114-7076231/7076231.txt,/Users/tanishqjadhav/Desktop/Extractor/data/raw/189576149-114-7076231/7076231.txt
1M-kTyg6uugf2RSmEroYLEBbrykhfrSY8,189576149-114-7076231/7076231_640x480_iso.jpg,/Users/tanishqjadhav/Desktop/Extractor/data/raw/189576149-114-7076231/7076231_640x480_iso.jpg
1zZYadtO7XFNp7Im1OoKH9xzxs0mtYiK7,189576149-114-7076231/7076231_640x480_right.jpg,/Users/tanishqjadhav/Desktop/Extractor/data/raw/189576149-114-7076231/7076231_640x480_right.jpg
1jF6AA0f_f0OtAQDVMc0Eq4nuVd5R0ZUp,189576149-114-7076231/7076231_640x480_left.jpg,/Users/tanishqjadhav/Desktop/Extractor/data/raw/189576149-114-7076231/7076231_640x480_left.jpg
1pFBCCd9OnhRnjx8y2rx-Bqmi71n_NNkO,189576149-114-7076231/7076231_640x480_bottom.jpg,/Users/tanishqjadhav/Desktop/Extractor/data/raw/189576149-114-7076231/7076231_640x480_bottom.jpg
1Fnxr4zU5c9PXRqVUbCJa1Dpu6AIKsGHq,189576149-114-7076231/7076231_640x480_top.jpg,/Users/tanishqjadhav/Desktop/Extractor/data/raw/189576149-114-7076231/7076231_640x480_top.jpg
1FmA10-M3gQxcnl-sCCk6elvq2KycDwpF,189576149-114-7076231/7076231_640x480_back.jpg,/Users/tanishqjadhav/Desktop/Extractor/data/raw/189576149-114-7076231/7076231_640x480_back.jpg
1LaFGKKltvrXZ-SWTEDauT16FIo0AU9vC,189576149-114-7076231/7076231_640x480_front.jpg,/Users/tanishqjadhav/Desktop/Extractor/data/raw/189576149-114-7076231/7076231_640x480_front.jpg
19ydSEuRMR5K0CArIBv74ubw9nBxLhRIc,189576135-114-als40a222db100/als40a222db100.txt,/Users/tanishqjadhav/Desktop/Extractor/data/raw/189576135-114-als40a222db100/als40a222db100.txt
1c96CyPPivmMsmwImoafZOY22FybCCLZG,189576135-114-als40a222db100/als40a222db100_640x480_iso.jpg,/Users/tanishqjadhav/Desktop/Extractor/data/raw/189576135-114-als40a222db100/als40a222db100_640x480_iso.jpg
1MG47nx5JB1xn24HQI0EkognRlU09pO0u,189576135-114-als40a222db100/als40a222db100_640x480_right.jpg,/Users/tanishqjadhav/Desktop/Extractor/data/raw/189576135-114-als40a222db100/als40a222db100_640x480_right.jpg
1cmYAlzPODJH4Apm0ID5TdPHHfMuGFJzd,189576135-114-als40a222db100/als40a222db100_640x480_left.jpg,/Users/tanishqjadhav/Desktop/Extractor/data/raw/189576135-114-als40a222db100/als40a222db100_640x480_left.jpg
1fgNiERCZ91GcIkxzSFHQl9SnTSYWC5Ld,189576135-114-als40a222db100/als40a222db100_640x480_bottom.jpg,/Users/tanishqjadhav/Desktop/Extractor/data/raw/189576135-114-als40a222db100/als40a222db100_640x480_bottom.jpg
1iPM7k5Avya1LJMhCA8Dq1N8jQ9z1S9ni,189576135-114-als40a222db100/als40a222db100_640x480_top.jpg,/Users/tanishqjadhav/Desktop/Extractor/data/raw/189576135-114-als40a222db100/als40a222db100_640x480_top.jpg
1CN4rERrsBjTFfzfXm8CZpy0zoQIJKLp7,189576135-114-als40a222db100/als40a222db100_640x480_back.jpg,/Users/tanishqjadhav/Desktop/Extractor/data/raw/189576135-114-als40a222db100/als40a222db100_640x480_back.jpg
146v9rjI9yN9h7CbUrr5FLjR68d963sck,189576135-114-als40a222db100/als40a222db100_640x480_front.jpg,/Users/tanishqjadhav/Desktop/Extractor/data/raw/189576135-114-als40a222db100/als40a222db100_640x480_front.jpg
1zVtAEcDOhQG7BQJjwqdO1-LhRxVKs7UB,189576088-114-smr5103j100j01l16_5cbulk/smr5103j100j01l16_5cbulk.txt,/Users/tanishqjadhav/Desktop/Extractor/data/raw/189576088-114-smr5103j100j01l16_5cbulk/smr5103j100j01l16_5cbulk.txt
1XoKnXTbK0uqygf6vhXF11OuHSgWj9gwu,189576088-114-smr5103j100j01l16_5cbulk/smr5103j100j01l16_5cbulk_640x480_iso.jpg,/Users/tanishqjadhav/Desktop/Extractor/data/raw/189576088-114-smr5103j100j01l16_5cbulk/smr5103j100j01l16_5cbulk_640x480_iso.jpg
1sr5K5xky4VqZ8xJQoqr0HqZlVYv5emyP,189576088-114-smr5103j100j01l16_5cbulk/smr5103j100j01l16_5cbulk_640x480_right.jpg,/Users/tanishqjadhav/Desktop/Extractor/data/raw/189576088-114-smr5103j100j01l16_5cbulk/smr5103j100j01l16_5cbulk_640x480_right.jpg
1xkTBqSUTKYLt2-eS4HM_VTes1FWydR4l,189576088-114-smr5103j100j01l16_5cbulk/smr5103j100j01l16_5cbulk_640x480_left.jpg,/Users/tanishqjadhav/Desktop/Extractor/data/raw/189576088-114-smr5103j100j01l16_5cbulk/smr5103j100j01l16_5cbulk_640x480_left.jpg
1-pwOpeknsI9Z_JGVgBTrndDix_bSFf-B,189576088-114-smr5103j100j01l16_5cbulk/smr5103j100j01l16_5cbulk_640x480_bottom.jpg,/Users/tanishqjadhav/Desktop/Extractor/data/raw/189576088-114-smr5103j100j01l16_5cbulk/smr5103j100j01l16_5cbulk_640x480_bottom.jpg
19cUEm37mPsrivRqrQM3IPAPozFSAtdRu,189576088-114-smr5103j100j01l16_5cbulk/smr5103j100j01l16_5cbulk_640x480_top.jpg,/Users/tanishqjadhav/Desktop/Extractor/data/raw/189576088-114-smr5103j100j01l16_5cbulk/smr5103j100j01l16_5cbulk_640x480_top.jpg
1YNT6hqCUJLjgD4sFhSjL4h2HdANapiN1,189576088-114-smr5103j100j01l16_5cbulk/smr5103j100j01l16_5cbulk_640x480_back.jpg,/Users/tanishqjadhav/Desktop/Extractor/data/raw/189576088-114-smr5103j100j01l16_5cbulk/smr5103j100j01l16_5cbulk_640x480_back.jpg
14NHX2-F_j2soea4jJUxiJBu-V1Zd9sdR,189576088-114-smr5103j100j01l16_5cbulk/smr5103j100j01l16_5cbulk_640x480_front.jpg,/Users/tanishqjadhav/Desktop/Extractor/data/raw/189576088-114-smr5103j100j01l16_5cbulk/smr5103j100j01l16_5cbulk_640x480_front.jpg
1ZAUntaiKd41mRUjUH4s-JXE8sgEdoP9N,189576054-114-ldeia1100ka0n00/ldeia1100ka0n00.txt,/Users/tanishqjadhav/Desktop/Extractor/data/raw/189576054-114-ldeia1100ka0n00/ldeia1100ka0n00.txt
1l9MYaKmnJ0aZamPMbt2J5lNdeTu3vi4B,189576054-114-ldeia1100ka0n00/ldeia1100ka0n00_640x480_iso.jpg,/Users/tanishqjadhav/Desktop/Extractor/data/raw/189576054-114-ldeia1100ka0n00/ldeia1100ka0n00_640x480_iso.jpg
1_BIVHd9GSfyzcV7T4WrrDIr5Er9E78T0,189576054-114-ldeia1100ka0n00/ldeia1100ka0n00_640x480_right.jpg,/Users/tanishqjadhav/Desktop/Extractor/data/raw/189576054-114-ldeia1100ka0n00/ldeia1100ka0n00_640x480_right.jpg
1JA3ADeHnGZtsIYdk2RfJhFfDYJK2OuWv,189576054-114-ldeia1100ka0n00/ldeia1100ka0n00_640x480_left.jpg,/Users/tanishqjadhav/Desktop/Extractor/data/raw/189576054-114-ldeia1100ka0n00/ldeia1100ka0n00_640x480_left.jpg
1N7sc8fjNCuKTnkbiLvb009gzcOnresxC,189576054-114-ldeia1100ka0n00/ldeia1100ka0n00_640x480_bottom.jpg,/Users/tanishqjadhav/Desktop/Extractor/data/raw/189576054-114-ldeia1100ka0n00/ldeia1100ka0n00_640x480_bottom.jpg
1M36pGg0BhH2-23OnkeSNW3uLZLh0Y1GR,189576054-114-ldeia1100ka0n00/ldeia1100ka0n00_640x480_top.jpg,/Users/tanishqjadhav/Desktop/Extractor/data/raw/189576054-114-ldeia1100ka0n00/ldeia1100ka0n00_640x480_top.jpg
1NTMoqKgY--PMt-rAfeH5t186pa6MS63v,189576054-114-ldeia1100ka0n00/ldeia1100ka0n00_640x480_back.jpg,/Users/tanishqjadhav/Desktop/Extractor/data/raw/189576054-114-ldeia1100ka0n00/ldeia1100ka0n00_640x480_back.jpg
1f6cchvZD1tZ1kQUH2yztzASOga9cRBDo,189576054-114-ldeia1100ka0n00/ldeia1100ka0n00_640x480_front.jpg,/Users/tanishqjadhav/Desktop/Extractor/data/raw/189576054-114-ldeia1100ka0n00/ldeia1100ka0n00_640x480_front.jpg
1oZBLTxGyz_e2HTUFnBfGkGYdpkGRWg0Z,189576026-114-70258696/70258696.txt,/Users/tanishqjadhav/Desktop/Extractor/data/raw/189576026-114-70258696/70258696.txt
1s_iJuoRpX71FEcKJobPrD4bNpaIQlBZT,189576026-114-70258696/70258696_640x480_iso.jpg,/Users/tanishqjadhav/Desktop/Extractor/data/raw/189576026-114-70258696/70258696_640x480_iso.jpg
1sf9NeDi_hmfoMFSfA45kgzOfyg2MtWfp,189576026-114-70258696/70258696_640x480_right.jpg,/Users/tanishqjadhav/Desktop/Extractor/data/raw/189576026-114-70258696/70258696_640x480_right.jpg
1YNZDdCzQ6DJW_laV5Zn6v1zYdIZxMI5n,189576026-114-70258696/70258696_640x480_left.jpg,/Users/tanishqjadhav/Desktop/Extractor/data/raw/189576026-114-70258696/70258696_640x480_left.jpg
1gR41suhYPbWI-ZiQnhRe7Pp73Pp1dvWE,189576026-114-70258696/70258696_640x480_bottom.jpg,/Users/tanishqjadhav/Desktop/Extractor/data/raw/189576026-114-70258696/70258696_640x480_bottom.jpg
11OpynUDV56foWX99jwrlLa04GLwqb36o,189576026-114-70258696/70258696_640x480_top.jpg,/Users/tanishqjadhav/Desktop/Extractor/data/raw/189576026-114-70258696/70258696_640x480_top.jpg
1X03LLmFchSk7V5PSab1iw3K0dHDHhvXp,189576026-114-70258696/70258696_640x480_back.jpg,/Users/tanishqjadhav/Desktop/Extractor/data/raw/189576026-114-70258696/70258696_640x480_back.jpg
1WFYL4wXFEOAAP2hxns1nNqAp6I6ajHwp,189576026-114-70258696/70258696_640x480_front.jpg,/Users/tanishqjadhav/Desktop/Extractor/data/raw/189576026-114-70258696/70258696_640x480_front.jpg
