query_path,query_part_id,query_view,correct_rank,top_1
/Users/tanishqjadhav/Desktop/Extractor/data/raw/189576740-34-40_t_shafts_adp416c/40_t_shafts_adp416c_640x480_left.png,189576740-34-40_t_shafts_adp416c,left,1,189576740-34-40_t_shafts_adp416c
/Users/tanishqjadhav/Desktop/Extractor/data/raw/189576740-34-40_t_shafts_adp416c/40_t_shafts_adp416c_640x480_back.png,189576740-34-40_t_shafts_adp416c,back,12,189576583-34-02462141
/Users/tanishqjadhav/Desktop/Extractor/data/raw/189576740-34-40_t_shafts_adp416c/40_t_shafts_adp416c_640x480_bottom.png,189576740-34-40_t_shafts_adp416c,bottom,1,189576740-34-40_t_shafts_adp416c
/Users/tanishqjadhav/Desktop/Extractor/data/raw/189576740-34-40_t_shafts_adp416c/40_t_shafts_adp416c_640x480_iso.png,189576740-34-40_t_shafts_adp416c,iso,13,189576026-114-70258696
/Users/tanishqjadhav/Desktop/Extractor/data/raw/189576740-34-40_t_shafts_adp416c/40_t_shafts_adp416c_640x480_top.png,189576740-34-40_t_shafts_adp416c,top,1,189576740-34-40_t_shafts_adp416c
/Users/tanishqjadhav/Desktop/Extractor/data/raw/189576740-34-40_t_shafts_adp416c/40_t_shafts_adp416c_640x480_right.png,189576740-34-40_t_shafts_adp416c,right,1,189576740-34-40_t_shafts_adp416c
/Users/tanishqjadhav/Desktop/Extractor/data/raw/189576740-34-40_t_shafts_adp416c/40_t_shafts_adp416c_640x480_front.png,189576740-34-40_t_shafts_adp416c,front,15,189576135-114-als40a222db100
/Users/tanishqjadhav/Desktop/Extractor/data/raw/189576446-34-16-240-46-6-16/16-240-46-6-16_640x480_bottom.png,189576446-34-16-240-46-6-16,bottom,2,FYTB - T-Shaped Bolts
/Users/tanishqjadhav/Desktop/Extractor/data/raw/189576446-34-16-240-46-6-16/16-240-46-6-16_640x480_iso.png,189576446-34-16-240-46-6-16,iso,1,189576446-34-16-240-46-6-16
/Users/tanishqjadhav/Desktop/Extractor/data/raw/189576446-34-16-240-46-6-16/16-240-46-6-16_640x480_top.png,189576446-34-16-240-46-6-16,top,1,189576446-34-16-240-46-6-16
/Users/tanishqjadhav/Desktop/Extractor/data/raw/189576446-34-16-240-46-6-16/16-240-46-6-16_640x480_left.png,189576446-34-16-240-46-6-16,left,1,189576446-34-16-240-46-6-16
/Users/tanishqjadhav/Desktop/Extractor/data/raw/189576446-34-16-240-46-6-16/16-240-46-6-16_640x480_front.png,189576446-34-16-240-46-6-16,front,1,189576446-34-16-240-46-6-16
/Users/tanishqjadhav/Desktop/Extractor/data/raw/189576446-34-16-240-46-6-16/16-240-46-6-16_640x480_right.png,189576446-34-16-240-46-6-16,right,1,189576446-34-16-240-46-6-16
/Users/tanishqjadhav/Desktop/Extractor/data/raw/189576446-34-16-240-46-6-16/16-240-46-6-16_640x480_back.png,189576446-34-16-240-46-6-16,back,1,189576446-34-16-240-46-6-16
/Users/tanishqjadhav/Desktop/Extractor/data/raw/189576359-34-ebcob3-6/ebcob3-6_640x480_bottom.png,189576359-34-ebcob3-6,bottom,39,189576353-34-ebdb3-3-3
/Users/tanishqjadhav/Desktop/Extractor/data/raw/189576359-34-ebcob3-6/ebcob3-6_640x480_right.png,189576359-34-ebcob3-6,right,1,189576359-34-ebcob3-6
/Users/tanishqjadhav/Desktop/Extractor/data/raw/189576359-34-ebcob3-6/ebcob3-6_640x480_front.png,189576359-34-ebcob3-6,front,1,189576359-34-ebcob3-6
/Users/tanishqjadhav/Desktop/Extractor/data/raw/189576359-34-ebcob3-6/ebcob3-6_640x480_iso.png,189576359-34-ebcob3-6,iso,1,189576359-34-ebcob3-6
/Users/tanishqjadhav/Desktop/Extractor/data/raw/189576359-34-ebcob3-6/ebcob3-6_640x480_back.png,189576359-34-ebcob3-6,back,1,189576359-34-ebcob3-6
/Users/tanishqjadhav/Desktop/Extractor/data/raw/189576359-34-ebcob3-6/ebcob3-6_640x480_left.png,189576359-34-ebcob3-6,left,1,189576359-34-ebcob3-6
/Users/tanishqjadhav/Desktop/Extractor/data/raw/189576359-34-ebcob3-6/ebcob3-6_640x480_top.png,189576359-34-ebcob3-6,top,15,189576446-34-16-240-46-6-16
/Users/tanishqjadhav/Desktop/Extractor/data/raw/189576172-34-ylbt8x20-c1/ylbt8x20-c1_640x480_left.png,189576172-34-ylbt8x20-c1,left,1,189576172-34-ylbt8x20-c1
/Users/tanishqjadhav/Desktop/Extractor/data/raw/189576172-34-ylbt8x20-c1/ylbt8x20-c1_640x480_front.png,189576172-34-ylbt8x20-c1,front,1,189576172-34-ylbt8x20-c1
/Users/tanishqjadhav/Desktop/Extractor/data/raw/189576172-34-ylbt8x20-c1/ylbt8x20-c1_640x480_right.png,189576172-34-ylbt8x20-c1,right,1,189576172-34-ylbt8x20-c1
/Users/tanishqjadhav/Desktop/Extractor/data/raw/189576172-34-ylbt8x20-c1/ylbt8x20-c1_640x480_back.png,189576172-34-ylbt8x20-c1,back,1,189576172-34-ylbt8x20-c1
/Users/tanishqjadhav/Desktop/Extractor/data/raw/189576172-34-ylbt8x20-c1/ylbt8x20-c1_640x480_bottom.png,189576172-34-ylbt8x20-c1,bottom,5,189576270-34-bolt_din_261-m8x30
/Users/tanishqjadhav/Desktop/Extractor/data/raw/189576172-34-ylbt8x20-c1/ylbt8x20-c1_640x480_top.png,189576172-34-ylbt8x20-c1,top,13,189576183-34-ylat8x17-c1
/Users/tanishqjadhav/Desktop/Extractor/data/raw/189576172-34-ylbt8x20-c1/ylbt8x20-c1_640x480_iso.png,189576172-34-ylbt8x20-c1,iso,1,189576172-34-ylbt8x20-c1
/Users/tanishqjadhav/Desktop/Extractor/data/raw/189576417-34-2453652/2453652_640x480_left.png,189576417-34-2453652,left,1,189576417-34-2453652
/Users/tanishqjadhav/Desktop/Extractor/data/raw/189576417-34-2453652/2453652_640x480_back.png,189576417-34-2453652,back,14,189576395-34-2453650
/Users/tanishqjadhav/Desktop/Extractor/data/raw/189576417-34-2453652/2453652_640x480_bottom.png,189576417-34-2453652,bottom,2,189576395-34-2453650
/Users/tanishqjadhav/Desktop/Extractor/data/raw/189576417-34-2453652/2453652_640x480_iso.png,189576417-34-2453652,iso,3,189576395-34-2453650
/Users/tanishqjadhav/Desktop/Extractor/data/raw/189576417-34-2453652/2453652_640x480_right.png,189576417-34-2453652,right,1,189576417-34-2453652
/Users/tanishqjadhav/Desktop/Extractor/data/raw/189576417-34-2453652/2453652_640x480_front.png,189576417-34-2453652,front,12,189576395-34-2453650
/Users/tanishqjadhav/Desktop/Extractor/data/raw/189576417-34-2453652/2453652_640x480_top.png,189576417-34-2453652,top,2,189576395-34-2453650
/Users/tanishqjadhav/Desktop/Extractor/data/raw/189576395-34-2453650/2453650_640x480_top.png,189576395-34-2453650,top,2,189576417-34-2453652
/Users/tanishqjadhav/Desktop/Extractor/data/raw/189576395-34-2453650/2453650_640x480_iso.png,189576395-34-2453650,iso,6,189576417-34-2453652
/Users/tanishqjadhav/Desktop/Extractor/data/raw/189576395-34-2453650/2453650_640x480_front.png,189576395-34-2453650,front,13,189576417-34-2453652
/Users/tanishqjadhav/Desktop/Extractor/data/raw/189576395-34-2453650/2453650_640x480_right.png,189576395-34-2453650,right,1,189576395-34-2453650
/Users/tanishqjadhav/Desktop/Extractor/data/raw/189576395-34-2453650/2453650_640x480_left.png,189576395-34-2453650,left,1,189576395-34-2453650
/Users/tanishqjadhav/Desktop/Extractor/data/raw/189576395-34-2453650/2453650_640x480_bottom.png,189576395-34-2453650,bottom,2,189576417-34-2453652
/Users/tanishqjadhav/Desktop/Extractor/data/raw/189576395-34-2453650/2453650_640x480_back.png,189576395-34-2453650,back,11,189576417-34-2453652
/Users/tanishqjadhav/Desktop/Extractor/data/raw/189576291-34-100016x16/100016x16_640x480_back.png,189576291-34-100016x16,back,4,189576381-34-bouloncem6_20nfe27-312rapp
/Users/tanishqjadhav/Desktop/Extractor/data/raw/189576291-34-100016x16/100016x16_640x480_front.png,189576291-34-100016x16,front,1,189576291-34-100016x16
/Users/tanishqjadhav/Desktop/Extractor/data/raw/189576291-34-100016x16/100016x16_640x480_right.png,189576291-34-100016x16,right,13,189576381-34-bouloncem6_20nfe27-312rapp
/Users/tanishqjadhav/Desktop/Extractor/data/raw/189576291-34-100016x16/100016x16_640x480_iso.png,189576291-34-100016x16,iso,6,189576381-34-bouloncem6_20nfe27-312rapp
/Users/tanishqjadhav/Desktop/Extractor/data/raw/189576291-34-100016x16/100016x16_640x480_left.png,189576291-34-100016x16,left,10,189576395-34-2453650
/Users/tanishqjadhav/Desktop/Extractor/data/raw/189576291-34-100016x16/100016x16_640x480_top.png,189576291-34-100016x16,top,1,189576291-34-100016x16
/Users/tanishqjadhav/Desktop/Extractor/data/raw/189576291-34-100016x16/100016x16_640x480_bottom.png,189576291-34-100016x16,bottom,1,189576291-34-100016x16
/Users/tanishqjadhav/Desktop/Extractor/data/raw/189576276-34-jb_zq_4321-2006_14/jb_zq_4321-2006_14_640x480_right.png,189576276-34-jb_zq_4321-2006_14,right,1,189576276-34-jb_zq_4321-2006_14
/Users/tanishqjadhav/Desktop/Extractor/data/raw/189576276-34-jb_zq_4321-2006_14/jb_zq_4321-2006_14_640x480_front.png,189576276-34-jb_zq_4321-2006_14,front,1,189576276-34-jb_zq_4321-2006_14
/Users/tanishqjadhav/Desktop/Extractor/data/raw/189576276-34-jb_zq_4321-2006_14/jb_zq_4321-2006_14_640x480_back.png,189576276-34-jb_zq_4321-2006_14,back,1,189576276-34-jb_zq_4321-2006_14
/Users/tanishqjadhav/Desktop/Extractor/data/raw/189576276-34-jb_zq_4321-2006_14/jb_zq_4321-2006_14_640x480_top.png,189576276-34-jb_zq_4321-2006_14,top,1,189576276-34-jb_zq_4321-2006_14
/Users/tanishqjadhav/Desktop/Extractor/data/raw/189576276-34-jb_zq_4321-2006_14/jb_zq_4321-2006_14_640x480_left.png,189576276-34-jb_zq_4321-2006_14,left,1,189576276-34-jb_zq_4321-2006_14
/Users/tanishqjadhav/Desktop/Extractor/data/raw/189576276-34-jb_zq_4321-2006_14/jb_zq_4321-2006_14_640x480_bottom.png,189576276-34-jb_zq_4321-2006_14,bottom,13,189576740-34-40_t_shafts_adp416c
/Users/tanishqjadhav/Desktop/Extractor/data/raw/189576276-34-jb_zq_4321-2006_14/jb_zq_4321-2006_14_640x480_iso.png,189576276-34-jb_zq_4321-2006_14,iso,1,189576276-34-jb_zq_4321-2006_14
/Users/tanishqjadhav/Desktop/Extractor/data/raw/189576856-34-13c004004/13c004004_640x480_bottom.png,189576856-34-13c004004,bottom,1,189576856-34-13c004004
/Users/tanishqjadhav/Desktop/Extractor/data/raw/189576856-34-13c004004/13c004004_640x480_iso.png,189576856-34-13c004004,iso,10,189576417-34-2453652
/Users/tanishqjadhav/Desktop/Extractor/data/raw/189576856-34-13c004004/13c004004_640x480_back.png,189576856-34-13c004004,back,1,189576856-34-13c004004
/Users/tanishqjadhav/Desktop/Extractor/data/raw/189576856-34-13c004004/13c004004_640x480_right.png,189576856-34-13c004004,right,1,189576856-34-13c004004
/Users/tanishqjadhav/Desktop/Extractor/data/raw/189576856-34-13c004004/13c004004_640x480_front.png,189576856-34-13c004004,front,1,189576856-34-13c004004
/Users/tanishqjadhav/Desktop/Extractor/data/raw/189576856-34-13c004004/13c004004_640x480_left.png,189576856-34-13c004004,left,1,189576856-34-13c004004
/Users/tanishqjadhav/Desktop/Extractor/data/raw/189576856-34-13c004004/13c004004_640x480_top.png,189576856-34-13c004004,top,1,189576856-34-13c004004
/Users/tanishqjadhav/Desktop/Extractor/data/raw/189576496-34-tec_6/tec_6_640x480_top.png,189576496-34-tec_6,top,28,189576355-114-bpf_24_01
/Users/tanishqjadhav/Desktop/Extractor/data/raw/189576496-34-tec_6/tec_6_640x480_back.png,189576496-34-tec_6,back,1,189576496-34-tec_6
/Users/tanishqjadhav/Desktop/Extractor/data/raw/189576496-34-tec_6/tec_6_640x480_left.png,189576496-34-tec_6,left,1,189576496-34-tec_6
/Users/tanishqjadhav/Desktop/Extractor/data/raw/189576496-34-tec_6/tec_6_640x480_iso.png,189576496-34-tec_6,iso,1,189576496-34-tec_6
/Users/tanishqjadhav/Desktop/Extractor/data/raw/189576496-34-tec_6/tec_6_640x480_bottom.png,189576496-34-tec_6,bottom,2,189576449-34-16-280-32-4-10
/Users/tanishqjadhav/Desktop/Extractor/data/raw/189576496-34-tec_6/tec_6_640x480_right.png,189576496-34-tec_6,right,1,189576496-34-tec_6
/Users/tanishqjadhav/Desktop/Extractor/data/raw/189576496-34-tec_6/tec_6_640x480_front.png,189576496-34-tec_6,front,1,189576496-34-tec_6
/Users/tanishqjadhav/Desktop/Extractor/data/raw/189576183-34-ylat8x17-c1/ylat8x17-c1_640x480_bottom.png,189576183-34-ylat8x17-c1,bottom,2,189576270-34-bolt_din_261-m8x30
/Users/tanishqjadhav/Desktop/Extractor/data/raw/189576183-34-ylat8x17-c1/ylat8x17-c1_640x480_back.png,189576183-34-ylat8x17-c1,back,1,189576183-34-ylat8x17-c1
/Users/tanishqjadhav/Desktop/Extractor/data/raw/189576183-34-ylat8x17-c1/ylat8x17-c1_640x480_iso.png,189576183-34-ylat8x17-c1,iso,2,189576381-34-bouloncem6_20nfe27-312rapp
/Users/tanishqjadhav/Desktop/Extractor/data/raw/189576183-34-ylat8x17-c1/ylat8x17-c1_640x480_top.png,189576183-34-ylat8x17-c1,top,3,189576172-34-ylbt8x20-c1
/Users/tanishqjadhav/Desktop/Extractor/data/raw/189576183-34-ylat8x17-c1/ylat8x17-c1_640x480_left.png,189576183-34-ylat8x17-c1,left,1,189576183-34-ylat8x17-c1
/Users/tanishqjadhav/Desktop/Extractor/data/raw/189576183-34-ylat8x17-c1/ylat8x17-c1_640x480_right.png,189576183-34-ylat8x17-c1,right,1,189576183-34-ylat8x17-c1
/Users/tanishqjadhav/Desktop/Extractor/data/raw/189576183-34-ylat8x17-c1/ylat8x17-c1_640x480_front.png,189576183-34-ylat8x17-c1,front,1,189576183-34-ylat8x17-c1
/Users/tanishqjadhav/Desktop/Extractor/data/raw/189576715-34-gye12-krr-b/gye12-krr-b_640x480_front.png,189576715-34-gye12-krr-b,front,1,189576715-34-gye12-krr-b
/Users/tanishqjadhav/Desktop/Extractor/data/raw/189576715-34-gye12-krr-b/gye12-krr-b_640x480_right.png,189576715-34-gye12-krr-b,right,1,189576715-34-gye12-krr-b
/Users/tanishqjadhav/Desktop/Extractor/data/raw/189576715-34-gye12-krr-b/gye12-krr-b_640x480_left.png,189576715-34-gye12-krr-b,left,1,189576715-34-gye12-krr-b
/Users/tanishqjadhav/Desktop/Extractor/data/raw/189576715-34-gye12-krr-b/gye12-krr-b_640x480_back.png,189576715-34-gye12-krr-b,back,1,189576715-34-gye12-krr-b
/Users/tanishqjadhav/Desktop/Extractor/data/raw/189576715-34-gye12-krr-b/gye12-krr-b_640x480_bottom.png,189576715-34-gye12-krr-b,bottom,1,189576715-34-gye12-krr-b
/Users/tanishqjadhav/Desktop/Extractor/data/raw/189576715-34-gye12-krr-b/gye12-krr-b_640x480_iso.png,189576715-34-gye12-krr-b,iso,7,189576583-34-02462141
/Users/tanishqjadhav/Desktop/Extractor/data/raw/189576715-34-gye12-krr-b/gye12-krr-b_640x480_top.png,189576715-34-gye12-krr-b,top,1,189576715-34-gye12-krr-b
/Users/tanishqjadhav/Desktop/Extractor/data/raw/189576516-34-64771001/64771001_640x480_top.png,189576516-34-64771001,top,1,189576516-34-64771001
/Users/tanishqjadhav/Desktop/Extractor/data/raw/189576516-34-64771001/64771001_640x480_left.png,189576516-34-64771001,left,1,189576516-34-64771001
/Users/tanishqjadhav/Desktop/Extractor/data/raw/189576516-34-64771001/64771001_640x480_front.png,189576516-34-64771001,front,1,189576516-34-64771001
/Users/tanishqjadhav/Desktop/Extractor/data/raw/189576516-34-64771001/64771001_640x480_right.png,189576516-34-64771001,right,1,189576516-34-64771001
/Users/tanishqjadhav/Desktop/Extractor/data/raw/189576516-34-64771001/64771001_640x480_iso.png,189576516-34-64771001,iso,8,189576583-34-02462141
/Users/tanishqjadhav/Desktop/Extractor/data/raw/189576516-34-64771001/64771001_640x480_bottom.png,189576516-34-64771001,bottom,1,189576516-34-64771001
/Users/tanishqjadhav/Desktop/Extractor/data/raw/189576516-34-64771001/64771001_640x480_back.png,189576516-34-64771001,back,1,189576516-34-64771001
/Users/tanishqjadhav/Desktop/Extractor/data/raw/189576353-34-ebdb3-3-3/ebdb3-3-3_640x480_top.png,189576353-34-ebdb3-3-3,top,1,189576353-34-ebdb3-3-3
/Users/tanishqjadhav/Desktop/Extractor/data/raw/189576353-34-ebdb3-3-3/ebdb3-3-3_640x480_iso.png,189576353-34-ebdb3-3-3,iso,4,189576381-34-bouloncem6_20nfe27-312rapp
/Users/tanishqjadhav/Desktop/Extractor/data/raw/189576353-34-ebdb3-3-3/ebdb3-3-3_640x480_front.png,189576353-34-ebdb3-3-3,front,1,189576353-34-ebdb3-3-3
/Users/tanishqjadhav/Desktop/Extractor/data/raw/189576353-34-ebdb3-3-3/ebdb3-3-3_640x480_right.png,189576353-34-ebdb3-3-3,right,14,189576359-34-ebcob3-6
/Users/tanishqjadhav/Desktop/Extractor/data/raw/189576353-34-ebdb3-3-3/ebdb3-3-3_640x480_bottom.png,189576353-34-ebdb3-3-3,bottom,1,189576353-34-ebdb3-3-3
/Users/tanishqjadhav/Desktop/Extractor/data/raw/189576353-34-ebdb3-3-3/ebdb3-3-3_640x480_back.png,189576353-34-ebdb3-3-3,back,1,189576353-34-ebdb3-3-3
/Users/tanishqjadhav/Desktop/Extractor/data/raw/189576353-34-ebdb3-3-3/ebdb3-3-3_640x480_left.png,189576353-34-ebdb3-3-3,left,10,189576805-114-agb184
/Users/tanishqjadhav/Desktop/Extractor/data/raw/189576270-34-bolt_din_261-m8x30/bolt_din_261-m8x30_640x480_back.png,189576270-34-bolt_din_261-m8x30,back,17,189576172-34-ylbt8x20-c1
/Users/tanishqjadhav/Desktop/Extractor/data/raw/189576270-34-bolt_din_261-m8x30/bolt_din_261-m8x30_640x480_top.png,189576270-34-bolt_din_261-m8x30,top,4,189576183-34-ylat8x17-c1
/Users/tanishqjadhav/Desktop/Extractor/data/raw/189576270-34-bolt_din_261-m8x30/bolt_din_261-m8x30_640x480_right.png,189576270-34-bolt_din_261-m8x30,right,1,189576270-34-bolt_din_261-m8x30
/Users/tanishqjadhav/Desktop/Extractor/data/raw/189576270-34-bolt_din_261-m8x30/bolt_din_261-m8x30_640x480_front.png,189576270-34-bolt_din_261-m8x30,front,9,189576183-34-ylat8x17-c1
/Users/tanishqjadhav/Desktop/Extractor/data/raw/189576270-34-bolt_din_261-m8x30/bolt_din_261-m8x30_640x480_bottom.png,189576270-34-bolt_din_261-m8x30,bottom,2,189576172-34-ylbt8x20-c1
/Users/tanishqjadhav/Desktop/Extractor/data/raw/189576270-34-bolt_din_261-m8x30/bolt_din_261-m8x30_640x480_left.png,189576270-34-bolt_din_261-m8x30,left,1,189576270-34-bolt_din_261-m8x30
/Users/tanishqjadhav/Desktop/Extractor/data/raw/189576270-34-bolt_din_261-m8x30/bolt_din_261-m8x30_640x480_iso.png,189576270-34-bolt_din_261-m8x30,iso,14,"DIN 787 Metric Size, Steel T-Slot Bolts"
/Users/tanishqjadhav/Desktop/Extractor/data/raw/189576545-34-1204/1204_640x480_left.png,189576545-34-1204,left,1,189576545-34-1204
/Users/tanishqjadhav/Desktop/Extractor/data/raw/189576545-34-1204/1204_640x480_bottom.png,189576545-34-1204,bottom,1,189576545-34-1204
/Users/tanishqjadhav/Desktop/Extractor/data/raw/189576545-34-1204/1204_640x480_back.png,189576545-34-1204,back,1,189576545-34-1204
/Users/tanishqjadhav/Desktop/Extractor/data/raw/189576545-34-1204/1204_640x480_right.png,189576545-34-1204,right,1,189576545-34-1204
/Users/tanishqjadhav/Desktop/Extractor/data/raw/189576545-34-1204/1204_640x480_front.png,189576545-34-1204,front,1,189576545-34-1204
/Users/tanishqjadhav/Desktop/Extractor/data/raw/189576545-34-1204/1204_640x480_top.png,189576545-34-1204,top,1,189576545-34-1204
/Users/tanishqjadhav/Desktop/Extractor/data/raw/189576545-34-1204/1204_640x480_iso.png,189576545-34-1204,iso,8,189576516-34-64771001
/Users/tanishqjadhav/Desktop/Extractor/data/raw/189576725-34-ptue20/ptue20_640x480_left.png,189576725-34-ptue20,left,1,189576725-34-ptue20
/Users/tanishqjadhav/Desktop/Extractor/data/raw/189576725-34-ptue20/ptue20_640x480_iso.png,189576725-34-ptue20,iso,6,189576400-114-mmq-40125hm
/Users/tanishqjadhav/Desktop/Extractor/data/raw/189576725-34-ptue20/ptue20_640x480_bottom.png,189576725-34-ptue20,bottom,1,189576725-34-ptue20
/Users/tanishqjadhav/Desktop/Extractor/data/raw/189576725-34-ptue20/ptue20_640x480_right.png,189576725-34-ptue20,right,1,189576725-34-ptue20
/Users/tanishqjadhav/Desktop/Extractor/data/raw/189576725-34-ptue20/ptue20_640x480_front.png,189576725-34-ptue20,front,3,189576454-34-633-40-m5-16-dsg
/Users/tanishqjadhav/Desktop/Extractor/data/raw/189576725-34-ptue20/ptue20_640x480_top.png,189576725-34-ptue20,top,1,189576725-34-ptue20
/Users/tanishqjadhav/Desktop/Extractor/data/raw/189576725-34-ptue20/ptue20_640x480_back.png,189576725-34-ptue20,back,1,189576725-34-ptue20
/Users/tanishqjadhav/Desktop/Extractor/data/raw/189576295-34-n6-30m6/n6-30m6_640x480_top.png,189576295-34-n6-30m6,top,1,189576295-34-n6-30m6
/Users/tanishqjadhav/Desktop/Extractor/data/raw/189576295-34-n6-30m6/n6-30m6_640x480_iso.png,189576295-34-n6-30m6,iso,4,189576054-114-ldeia1100ka0n00
/Users/tanishqjadhav/Desktop/Extractor/data/raw/189576295-34-n6-30m6/n6-30m6_640x480_left.png,189576295-34-n6-30m6,left,1,189576295-34-n6-30m6
/Users/tanishqjadhav/Desktop/Extractor/data/raw/189576295-34-n6-30m6/n6-30m6_640x480_bottom.png,189576295-34-n6-30m6,bottom,1,189576295-34-n6-30m6
/Users/tanishqjadhav/Desktop/Extractor/data/raw/189576295-34-n6-30m6/n6-30m6_640x480_front.png,189576295-34-n6-30m6,front,1,189576295-34-n6-30m6
/Users/tanishqjadhav/Desktop/Extractor/data/raw/189576295-34-n6-30m6/n6-30m6_640x480_right.png,189576295-34-n6-30m6,right,1,189576295-34-n6-30m6
/Users/tanishqjadhav/Desktop/Extractor/data/raw/189576295-34-n6-30m6/n6-30m6_640x480_back.png,189576295-34-n6-30m6,back,1,189576295-34-n6-30m6
/Users/tanishqjadhav/Desktop/Extractor/data/raw/189576369-34-ebtf3/ebtf3_640x480_bottom.png,189576369-34-ebtf3,bottom,1,189576369-34-ebtf3
/Users/tanishqjadhav/Desktop/Extractor/data/raw/189576369-34-ebtf3/ebtf3_640x480_left.png,189576369-34-ebtf3,left,6,189576395-34-2453650
/Users/tanishqjadhav/Desktop/Extractor/data/raw/189576369-34-ebtf3/ebtf3_640x480_iso.png,189576369-34-ebtf3,iso,15,189576725-34-ptue20
/Users/tanishqjadhav/Desktop/Extractor/data/raw/189576369-34-ebtf3/ebtf3_640x480_front.png,189576369-34-ebtf3,front,1,189576369-34-ebtf3
/Users/tanishqjadhav/Desktop/Extractor/data/raw/189576369-34-ebtf3/ebtf3_640x480_right.png,189576369-34-ebtf3,right,13,189576381-34-bouloncem6_20nfe27-312rapp
/Users/tanishqjadhav/Desktop/Extractor/data/raw/189576369-34-ebtf3/ebtf3_640x480_top.png,189576369-34-ebtf3,top,1,189576369-34-ebtf3
/Users/tanishqjadhav/Desktop/Extractor/data/raw/189576369-34-ebtf3/ebtf3_640x480_back.png,189576369-34-ebtf3,back,1,189576369-34-ebtf3
/Users/tanishqjadhav/Desktop/Extractor/data/raw/189576350-34-ebnld3/ebnld3_640x480_back.png,189576350-34-ebnld3,back,1,189576350-34-ebnld3
/Users/tanishqjadhav/Desktop/Extractor/data/raw/189576350-34-ebnld3/ebnld3_640x480_left.png,189576350-34-ebnld3,left,1,189576350-34-ebnld3
/Users/tanishqjadhav/Desktop/Extractor/data/raw/189576350-34-ebnld3/ebnld3_640x480_top.png,189576350-34-ebnld3,top,1,189576350-34-ebnld3
/Users/tanishqjadhav/Desktop/Extractor/data/raw/189576350-34-ebnld3/ebnld3_640x480_bottom.png,189576350-34-ebnld3,bottom,1,189576350-34-ebnld3
/Users/tanishqjadhav/Desktop/Extractor/data/raw/189576350-34-ebnld3/ebnld3_640x480_iso.png,189576350-34-ebnld3,iso,9,189576516-34-64771001
/Users/tanishqjadhav/Desktop/Extractor/data/raw/189576350-34-ebnld3/ebnld3_640x480_right.png,189576350-34-ebnld3,right,1,189576350-34-ebnld3
/Users/tanishqjadhav/Desktop/Extractor/data/raw/189576350-34-ebnld3/ebnld3_640x480_front.png,189576350-34-ebnld3,front,1,189576350-34-ebnld3
/Users/tanishqjadhav/Desktop/Extractor/data/raw/FYTB - T-Shaped Bolts/bolt_fytb8_640x480_bottom.png,FYTB - T-Shaped Bolts,bottom,1,FYTB - T-Shaped Bolts
/Users/tanishqjadhav/Desktop/Extractor/data/raw/FYTB - T-Shaped Bolts/bolt_fytb8_640x480_back.png,FYTB - T-Shaped Bolts,back,2,189576740-34-40_t_shafts_adp416c
/Users/tanishqjadhav/Desktop/Extractor/data/raw/FYTB - T-Shaped Bolts/bolt_fytb8_640x480_front.png,FYTB - T-Shaped Bolts,front,1,FYTB - T-Shaped Bolts
/Users/tanishqjadhav/Desktop/Extractor/data/raw/FYTB - T-Shaped Bolts/bolt_fytb8_640x480_right.png,FYTB - T-Shaped Bolts,right,1,FYTB - T-Shaped Bolts
/Users/tanishqjadhav/Desktop/Extractor/data/raw/FYTB - T-Shaped Bolts/bolt_fytb8_640x480_left.png,FYTB - T-Shaped Bolts,left,1,FYTB - T-Shaped Bolts
/Users/tanishqjadhav/Desktop/Extractor/data/raw/FYTB - T-Shaped Bolts/bolt_fytb8_640x480_iso.png,FYTB - T-Shaped Bolts,iso,1,FYTB - T-Shaped Bolts
/Users/tanishqjadhav/Desktop/Extractor/data/raw/FYTB - T-Shaped Bolts/bolt_fytb8_640x480_top.png,FYTB - T-Shaped Bolts,top,1,FYTB - T-Shaped Bolts
/Users/tanishqjadhav/Desktop/Extractor/data/raw/189576347-34-screw_093126__25/screw_093126__25_640x480_front.png,189576347-34-screw_093126__25,front,1,189576347-34-screw_093126__25
/Users/tanishqjadhav/Desktop/Extractor/data/raw/189576347-34-screw_093126__25/screw_093126__25_640x480_right.png,189576347-34-screw_093126__25,right,13,189576359-34-ebcob3-6
/Users/tanishqjadhav/Desktop/Extractor/data/raw/189576347-34-screw_093126__25/screw_093126__25_640x480_left.png,189576347-34-screw_093126__25,left,9,189576337-34-screw_hx025872
/Users/tanishqjadhav/Desktop/Extractor/data/raw/189576347-34-screw_093126__25/screw_093126__25_640x480_bottom.png,189576347-34-screw_093126__25,bottom,1,189576347-34-screw_093126__25
/Users/tanishqjadhav/Desktop/Extractor/data/raw/189576347-34-screw_093126__25/screw_093126__25_640x480_back.png,189576347-34-screw_093126__25,back,1,189576347-34-screw_093126__25
/Users/tanishqjadhav/Desktop/Extractor/data/raw/189576347-34-screw_093126__25/screw_093126__25_640x480_top.png,189576347-34-screw_093126__25,top,1,189576347-34-screw_093126__25
/Users/tanishqjadhav/Desktop/Extractor/data/raw/189576347-34-screw_093126__25/screw_093126__25_640x480_iso.png,189576347-34-screw_093126__25,iso,22,189576337-34-screw_hx025872
/Users/tanishqjadhav/Desktop/Extractor/data/raw/189576337-34-screw_hx025872/screw_hx025872_640x480_iso.png,189576337-34-screw_hx025872,iso,7,189576347-34-screw_093126__25
/Users/tanishqjadhav/Desktop/Extractor/data/raw/189576337-34-screw_hx025872/screw_hx025872_640x480_top.png,189576337-34-screw_hx025872,top,1,189576337-34-screw_hx025872
/Users/tanishqjadhav/Desktop/Extractor/data/raw/189576337-34-screw_hx025872/screw_hx025872_640x480_right.png,189576337-34-screw_hx025872,right,13,189576395-34-2453650
/Users/tanishqjadhav/Desktop/Extractor/data/raw/189576337-34-screw_hx025872/screw_hx025872_640x480_front.png,189576337-34-screw_hx025872,front,1,189576337-34-screw_hx025872
/Users/tanishqjadhav/Desktop/Extractor/data/raw/189576337-34-screw_hx025872/screw_hx025872_640x480_bottom.png,189576337-34-screw_hx025872,bottom,1,189576337-34-screw_hx025872
/Users/tanishqjadhav/Desktop/Extractor/data/raw/189576337-34-screw_hx025872/screw_hx025872_640x480_left.png,189576337-34-screw_hx025872,left,18,189576347-34-screw_093126__25
/Users/tanishqjadhav/Desktop/Extractor/data/raw/189576337-34-screw_hx025872/screw_hx025872_640x480_back.png,189576337-34-screw_hx025872,back,1,189576337-34-screw_hx025872
"/Users/tanishqjadhav/Desktop/Extractor/data/raw/DIN 787 Metric Size, Steel T-Slot Bolts/787-6-m6-25_640x480_left.png","DIN 787 Metric Size, Steel T-Slot Bolts",left,1,"DIN 787 Metric Size, Steel T-Slot Bolts"
"/Users/tanishqjadhav/Desktop/Extractor/data/raw/DIN 787 Metric Size, Steel T-Slot Bolts/787-6-m6-25_640x480_top.png","DIN 787 Metric Size, Steel T-Slot Bolts",top,2,189576172-34-ylbt8x20-c1
"/Users/tanishqjadhav/Desktop/Extractor/data/raw/DIN 787 Metric Size, Steel T-Slot Bolts/787-6-m6-25_640x480_back.png","DIN 787 Metric Size, Steel T-Slot Bolts",back,26,189576252-114-fm0v224zf
"/Users/tanishqjadhav/Desktop/Extractor/data/raw/DIN 787 Metric Size, Steel T-Slot Bolts/787-6-m6-25_640x480_bottom.png","DIN 787 Metric Size, Steel T-Slot Bolts",bottom,4,189576183-34-ylat8x17-c1
"/Users/tanishqjadhav/Desktop/Extractor/data/raw/DIN 787 Metric Size, Steel T-Slot Bolts/787-6-m6-25_640x480_iso.png","DIN 787 Metric Size, Steel T-Slot Bolts",iso,19,189576270-34-bolt_din_261-m8x30
"/Users/tanishqjadhav/Desktop/Extractor/data/raw/DIN 787 Metric Size, Steel T-Slot Bolts/787-6-m6-25_640x480_front.png","DIN 787 Metric Size, Steel T-Slot Bolts",front,30,189576381-34-bouloncem6_20nfe27-312rapp
"/Users/tanishqjadhav/Desktop/Extractor/data/raw/DIN 787 Metric Size, Steel T-Slot Bolts/787-6-m6-25_640x480_right.png","DIN 787 Metric Size, Steel T-Slot Bolts",right,1,"DIN 787 Metric Size, Steel T-Slot Bolts"
/Users/tanishqjadhav/Desktop/Extractor/data/raw/189575894-34-70095408/70095408_640x480_front.png,189575894-34-70095408,front,1,189575894-34-70095408
/Users/tanishqjadhav/Desktop/Extractor/data/raw/189575894-34-70095408/70095408_640x480_right.png,189575894-34-70095408,right,1,189575894-34-70095408
/Users/tanishqjadhav/Desktop/Extractor/data/raw/189575894-34-70095408/70095408_640x480_left.png,189575894-34-70095408,left,1,189575894-34-70095408
/Users/tanishqjadhav/Desktop/Extractor/data/raw/189575894-34-70095408/70095408_640x480_top.png,189575894-34-70095408,top,1,189575894-34-70095408
/Users/tanishqjadhav/Desktop/Extractor/data/raw/189575894-34-70095408/70095408_640x480_back.png,189575894-34-70095408,back,1,189575894-34-70095408
/Users/tanishqjadhav/Desktop/Extractor/data/raw/189575894-34-70095408/70095408_640x480_iso.png,189575894-34-70095408,iso,1,189575894-34-70095408
/Users/tanishqjadhav/Desktop/Extractor/data/raw/189575894-34-70095408/70095408_640x480_bottom.png,189575894-34-70095408,bottom,1,189575894-34-70095408
/Users/tanishqjadhav/Desktop/Extractor/data/raw/189576449-34-16-280-32-4-10/16-280-32-4-10_640x480_front.png,189576449-34-16-280-32-4-10,front,1,189576449-34-16-280-32-4-10
/Users/tanishqjadhav/Desktop/Extractor/data/raw/189576449-34-16-280-32-4-10/16-280-32-4-10_640x480_right.png,189576449-34-16-280-32-4-10,right,2,189576454-34-633-40-m5-16-dsg
/Users/tanishqjadhav/Desktop/Extractor/data/raw/189576449-34-16-280-32-4-10/16-280-32-4-10_640x480_iso.png,189576449-34-16-280-32-4-10,iso,2,189576454-34-633-40-m5-16-dsg
/Users/tanishqjadhav/Desktop/Extractor/data/raw/189576449-34-16-280-32-4-10/16-280-32-4-10_640x480_bottom.png,189576449-34-16-280-32-4-10,bottom,1,189576449-34-16-280-32-4-10
/Users/tanishqjadhav/Desktop/Extractor/data/raw/189576449-34-16-280-32-4-10/16-280-32-4-10_640x480_top.png,189576449-34-16-280-32-4-10,top,1,189576449-34-16-280-32-4-10
/Users/tanishqjadhav/Desktop/Extractor/data/raw/189576449-34-16-280-32-4-10/16-280-32-4-10_640x480_back.png,189576449-34-16-280-32-4-10,back,1,189576449-34-16-280-32-4-10
/Users/tanishqjadhav/Desktop/Extractor/data/raw/189576449-34-16-280-32-4-10/16-280-32-4-10_640x480_left.png,189576449-34-16-280-32-4-10,left,2,189576454-34-633-40-m5-16-dsg
/Users/tanishqjadhav/Desktop/Extractor/data/raw/189576443-34-16-140-20-4-6/16-140-20-4-6_640x480_back.png,189576443-34-16-140-20-4-6,back,1,189576443-34-16-140-20-4-6
/Users/tanishqjadhav/Desktop/Extractor/data/raw/189576443-34-16-140-20-4-6/16-140-20-4-6_640x480_bottom.png,189576443-34-16-140-20-4-6,bottom,1,189576443-34-16-140-20-4-6
/Users/tanishqjadhav/Desktop/Extractor/data/raw/189576443-34-16-140-20-4-6/16-140-20-4-6_640x480_left.png,189576443-34-16-140-20-4-6,left,14,189576667-114-2m02
/Users/tanishqjadhav/Desktop/Extractor/data/raw/189576443-34-16-140-20-4-6/16-140-20-4-6_640x480_top.png,189576443-34-16-140-20-4-6,top,1,189576443-34-16-140-20-4-6
/Users/tanishqjadhav/Desktop/Extractor/data/raw/189576443-34-16-140-20-4-6/16-140-20-4-6_640x480_front.png,189576443-34-16-140-20-4-6,front,1,189576443-34-16-140-20-4-6
/Users/tanishqjadhav/Desktop/Extractor/data/raw/189576443-34-16-140-20-4-6/16-140-20-4-6_640x480_right.png,189576443-34-16-140-20-4-6,right,3,189576175-114-t356a104k035at
/Users/tanishqjadhav/Desktop/Extractor/data/raw/189576443-34-16-140-20-4-6/16-140-20-4-6_640x480_iso.png,189576443-34-16-140-20-4-6,iso,2,189576381-34-bouloncem6_20nfe27-312rapp
/Users/tanishqjadhav/Desktop/Extractor/data/raw/189576755-34-vw28-la95-a-5_5/vw28-la95-a-5_5_640x480_left.png,189576755-34-vw28-la95-a-5_5,left,1,189576755-34-vw28-la95-a-5_5
/Users/tanishqjadhav/Desktop/Extractor/data/raw/189576755-34-vw28-la95-a-5_5/vw28-la95-a-5_5_640x480_bottom.png,189576755-34-vw28-la95-a-5_5,bottom,1,189576755-34-vw28-la95-a-5_5
/Users/tanishqjadhav/Desktop/Extractor/data/raw/189576755-34-vw28-la95-a-5_5/vw28-la95-a-5_5_640x480_top.png,189576755-34-vw28-la95-a-5_5,top,1,189576755-34-vw28-la95-a-5_5
/Users/tanishqjadhav/Desktop/Extractor/data/raw/189576755-34-vw28-la95-a-5_5/vw28-la95-a-5_5_640x480_iso.png,189576755-34-vw28-la95-a-5_5,iso,1,189576755-34-vw28-la95-a-5_5
/Users/tanishqjadhav/Desktop/Extractor/data/raw/189576755-34-vw28-la95-a-5_5/vw28-la95-a-5_5_640x480_back.png,189576755-34-vw28-la95-a-5_5,back,1,189576755-34-vw28-la95-a-5_5
/Users/tanishqjadhav/Desktop/Extractor/data/raw/189576755-34-vw28-la95-a-5_5/vw28-la95-a-5_5_640x480_right.png,189576755-34-vw28-la95-a-5_5,right,1,189576755-34-vw28-la95-a-5_5
/Users/tanishqjadhav/Desktop/Extractor/data/raw/189576755-34-vw28-la95-a-5_5/vw28-la95-a-5_5_640x480_front.png,189576755-34-vw28-la95-a-5_5,front,1,189576755-34-vw28-la95-a-5_5
/Users/tanishqjadhav/Desktop/Extractor/data/raw/189576454-34-633-40-m5-16-dsg/633-40-m5-16-dsg_640x480_top.png,189576454-34-633-40-m5-16-dsg,top,1,189576454-34-633-40-m5-16-dsg
/Users/tanishqjadhav/Desktop/Extractor/data/raw/189576454-34-633-40-m5-16-dsg/633-40-m5-16-dsg_640x480_front.png,189576454-34-633-40-m5-16-dsg,front,1,189576454-34-633-40-m5-16-dsg
/Users/tanishqjadhav/Desktop/Extractor/data/raw/189576454-34-633-40-m5-16-dsg/633-40-m5-16-dsg_640x480_right.png,189576454-34-633-40-m5-16-dsg,right,2,189576449-34-16-280-32-4-10
/Users/tanishqjadhav/Desktop/Extractor/data/raw/189576454-34-633-40-m5-16-dsg/633-40-m5-16-dsg_640x480_iso.png,189576454-34-633-40-m5-16-dsg,iso,2,189576449-34-16-280-32-4-10
/Users/tanishqjadhav/Desktop/Extractor/data/raw/189576454-34-633-40-m5-16-dsg/633-40-m5-16-dsg_640x480_left.png,189576454-34-633-40-m5-16-dsg,left,2,189576449-34-16-280-32-4-10
/Users/tanishqjadhav/Desktop/Extractor/data/raw/189576454-34-633-40-m5-16-dsg/633-40-m5-16-dsg_640x480_back.png,189576454-34-633-40-m5-16-dsg,back,1,189576454-34-633-40-m5-16-dsg
/Users/tanishqjadhav/Desktop/Extractor/data/raw/189576454-34-633-40-m5-16-dsg/633-40-m5-16-dsg_640x480_bottom.png,189576454-34-633-40-m5-16-dsg,bottom,1,189576454-34-633-40-m5-16-dsg
/Users/tanishqjadhav/Desktop/Extractor/data/raw/189576381-34-bouloncem6_20nfe27-312rapp/bouloncem6_20nfe27-312rapp_640x480_left.png,189576381-34-bouloncem6_20nfe27-312rapp,left,1,189576381-34-bouloncem6_20nfe27-312rapp
/Users/tanishqjadhav/Desktop/Extractor/data/raw/189576381-34-bouloncem6_20nfe27-312rapp/bouloncem6_20nfe27-312rapp_640x480_back.png,189576381-34-bouloncem6_20nfe27-312rapp,back,4,189576291-34-100016x16
/Users/tanishqjadhav/Desktop/Extractor/data/raw/189576381-34-bouloncem6_20nfe27-312rapp/bouloncem6_20nfe27-312rapp_640x480_top.png,189576381-34-bouloncem6_20nfe27-312rapp,top,1,189576381-34-bouloncem6_20nfe27-312rapp
/Users/tanishqjadhav/Desktop/Extractor/data/raw/189576381-34-bouloncem6_20nfe27-312rapp/bouloncem6_20nfe27-312rapp_640x480_bottom.png,189576381-34-bouloncem6_20nfe27-312rapp,bottom,2,189576183-34-ylat8x17-c1
/Users/tanishqjadhav/Desktop/Extractor/data/raw/189576381-34-bouloncem6_20nfe27-312rapp/bouloncem6_20nfe27-312rapp_640x480_front.png,189576381-34-bouloncem6_20nfe27-312rapp,front,8,189576369-34-ebtf3
/Users/tanishqjadhav/Desktop/Extractor/data/raw/189576381-34-bouloncem6_20nfe27-312rapp/bouloncem6_20nfe27-312rapp_640x480_right.png,189576381-34-bouloncem6_20nfe27-312rapp,right,1,189576381-34-bouloncem6_20nfe27-312rapp
/Users/tanishqjadhav/Desktop/Extractor/data/raw/189576381-34-bouloncem6_20nfe27-312rapp/bouloncem6_20nfe27-312rapp_640x480_iso.png,189576381-34-bouloncem6_20nfe27-312rapp,iso,7,189576291-34-100016x16
/Users/tanishqjadhav/Desktop/Extractor/data/raw/189576407-34-2454295/2454295_640x480_bottom.png,189576407-34-2454295,bottom,1,189576407-34-2454295
/Users/tanishqjadhav/Desktop/Extractor/data/raw/189576407-34-2454295/2454295_640x480_left.png,189576407-34-2454295,left,1,189576407-34-2454295
/Users/tanishqjadhav/Desktop/Extractor/data/raw/189576407-34-2454295/2454295_640x480_top.png,189576407-34-2454295,top,1,189576407-34-2454295
/Users/tanishqjadhav/Desktop/Extractor/data/raw/189576407-34-2454295/2454295_640x480_iso.png,189576407-34-2454295,iso,14,189576417-34-2453652
/Users/tanishqjadhav/Desktop/Extractor/data/raw/189576407-34-2454295/2454295_640x480_back.png,189576407-34-2454295,back,21,189576417-34-2453652
/Users/tanishqjadhav/Desktop/Extractor/data/raw/189576407-34-2454295/2454295_640x480_right.png,189576407-34-2454295,right,1,189576407-34-2454295
/Users/tanishqjadhav/Desktop/Extractor/data/raw/189576407-34-2454295/2454295_640x480_front.png,189576407-34-2454295,front,20,189576337-34-screw_hx025872
/Users/tanishqjadhav/Desktop/Extractor/data/raw/189576687-34-alb-10/alb-10_640x480_iso.png,189576687-34-alb-10,iso,1,189576687-34-alb-10
/Users/tanishqjadhav/Desktop/Extractor/data/raw/189576687-34-alb-10/alb-10_640x480_front.png,189576687-34-alb-10,front,1,189576687-34-alb-10
/Users/tanishqjadhav/Desktop/Extractor/data/raw/189576687-34-alb-10/alb-10_640x480_right.png,189576687-34-alb-10,right,1,189576687-34-alb-10
/Users/tanishqjadhav/Desktop/Extractor/data/raw/189576687-34-alb-10/alb-10_640x480_top.png,189576687-34-alb-10,top,9,189576270-34-bolt_din_261-m8x30
/Users/tanishqjadhav/Desktop/Extractor/data/raw/189576687-34-alb-10/alb-10_640x480_bottom.png,189576687-34-alb-10,bottom,4,189576270-34-bolt_din_261-m8x30
/Users/tanishqjadhav/Desktop/Extractor/data/raw/189576687-34-alb-10/alb-10_640x480_back.png,189576687-34-alb-10,back,1,189576687-34-alb-10
/Users/tanishqjadhav/Desktop/Extractor/data/raw/189576687-34-alb-10/alb-10_640x480_left.png,189576687-34-alb-10,left,1,189576687-34-alb-10
/Users/tanishqjadhav/Desktop/Extractor/data/raw/189576583-34-02462141/02462141_640x480_bottom.png,189576583-34-02462141,bottom,1,189576583-34-02462141
/Users/tanishqjadhav/Desktop/Extractor/data/raw/189576583-34-02462141/02462141_640x480_iso.png,189576583-34-02462141,iso,7,189576516-34-64771001
/Users/tanishqjadhav/Desktop/Extractor/data/raw/189576583-34-02462141/02462141_640x480_left.png,189576583-34-02462141,left,1,189576583-34-02462141
/Users/tanishqjadhav/Desktop/Extractor/data/raw/189576583-34-02462141/02462141_640x480_top.png,189576583-34-02462141,top,1,189576583-34-02462141
/Users/tanishqjadhav/Desktop/Extractor/data/raw/189576583-34-02462141/02462141_640x480_back.png,189576583-34-02462141,back,1,189576583-34-02462141
/Users/tanishqjadhav/Desktop/Extractor/data/raw/189576583-34-02462141/02462141_640x480_right.png,189576583-34-02462141,right,1,189576583-34-02462141
/Users/tanishqjadhav/Desktop/Extractor/data/raw/189576583-34-02462141/02462141_640x480_front.png,189576583-34-02462141,front,1,189576583-34-02462141
/Users/tanishqjadhav/Desktop/Extractor/data/raw/189576282-114-atm60-aaa12x12/atm60-aaa12x12_640x480_back.jpg,189576282-114-atm60-aaa12x12,back,1,189576282-114-atm60-aaa12x12
/Users/tanishqjadhav/Desktop/Extractor/data/raw/189576282-114-atm60-aaa12x12/atm60-aaa12x12_640x480_top.jpg,189576282-114-atm60-aaa12x12,top,1,189576282-114-atm60-aaa12x12
/Users/tanishqjadhav/Desktop/Extractor/data/raw/189576282-114-atm60-aaa12x12/atm60-aaa12x12_640x480_iso.jpg,189576282-114-atm60-aaa12x12,iso,1,189576282-114-atm60-aaa12x12
/Users/tanishqjadhav/Desktop/Extractor/data/raw/189576282-114-atm60-aaa12x12/atm60-aaa12x12_640x480_left.jpg,189576282-114-atm60-aaa12x12,left,1,189576282-114-atm60-aaa12x12
/Users/tanishqjadhav/Desktop/Extractor/data/raw/189576282-114-atm60-aaa12x12/atm60-aaa12x12_640x480_right.jpg,189576282-114-atm60-aaa12x12,right,1,189576282-114-atm60-aaa12x12
/Users/tanishqjadhav/Desktop/Extractor/data/raw/189576282-114-atm60-aaa12x12/atm60-aaa12x12_640x480_front.jpg,189576282-114-atm60-aaa12x12,front,1,189576282-114-atm60-aaa12x12
/Users/tanishqjadhav/Desktop/Extractor/data/raw/189576282-114-atm60-aaa12x12/atm60-aaa12x12_640x480_bottom.jpg,189576282-114-atm60-aaa12x12,bottom,1,189576282-114-atm60-aaa12x12
/Users/tanishqjadhav/Desktop/Extractor/data/raw/189576829-114-sk_638_____l_25/sk_638_____l_25_640x480_iso.jpg,189576829-114-sk_638_____l_25,iso,6,189576054-114-ldeia1100ka0n00
/Users/tanishqjadhav/Desktop/Extractor/data/raw/189576829-114-sk_638_____l_25/sk_638_____l_25_640x480_bottom.jpg,189576829-114-sk_638_____l_25,bottom,1,189576829-114-sk_638_____l_25
/Users/tanishqjadhav/Desktop/Extractor/data/raw/189576829-114-sk_638_____l_25/sk_638_____l_25_640x480_top.jpg,189576829-114-sk_638_____l_25,top,2,189576740-34-40_t_shafts_adp416c
/Users/tanishqjadhav/Desktop/Extractor/data/raw/189576829-114-sk_638_____l_25/sk_638_____l_25_640x480_right.jpg,189576829-114-sk_638_____l_25,right,1,189576829-114-sk_638_____l_25
/Users/tanishqjadhav/Desktop/Extractor/data/raw/189576829-114-sk_638_____l_25/sk_638_____l_25_640x480_front.jpg,189576829-114-sk_638_____l_25,front,1,189576829-114-sk_638_____l_25
/Users/tanishqjadhav/Desktop/Extractor/data/raw/189576829-114-sk_638_____l_25/sk_638_____l_25_640x480_back.jpg,189576829-114-sk_638_____l_25,back,1,189576829-114-sk_638_____l_25
/Users/tanishqjadhav/Desktop/Extractor/data/raw/189576829-114-sk_638_____l_25/sk_638_____l_25_640x480_left.jpg,189576829-114-sk_638_____l_25,left,2,189576581-114-_a921cy-470m_p3
/Users/tanishqjadhav/Desktop/Extractor/data/raw/189576514-114-71071085/71071085_640x480_back.jpg,189576514-114-71071085,back,1,189576514-114-71071085
/Users/tanishqjadhav/Desktop/Extractor/data/raw/189576514-114-71071085/71071085_640x480_front.jpg,189576514-114-71071085,front,1,189576514-114-71071085
/Users/tanishqjadhav/Desktop/Extractor/data/raw/189576514-114-71071085/71071085_640x480_right.jpg,189576514-114-71071085,right,1,189576514-114-71071085
/Users/tanishqjadhav/Desktop/Extractor/data/raw/189576514-114-71071085/71071085_640x480_left.jpg,189576514-114-71071085,left,1,189576514-114-71071085
/Users/tanishqjadhav/Desktop/Extractor/data/raw/189576514-114-71071085/71071085_640x480_iso.jpg,189576514-114-71071085,iso,2,189576478-114-70996524
/Users/tanishqjadhav/Desktop/Extractor/data/raw/189576514-114-71071085/71071085_640x480_top.jpg,189576514-114-71071085,top,1,189576514-114-71071085
/Users/tanishqjadhav/Desktop/Extractor/data/raw/189576514-114-71071085/71071085_640x480_bottom.jpg,189576514-114-71071085,bottom,1,189576514-114-71071085
/Users/tanishqjadhav/Desktop/Extractor/data/raw/189576581-114-_a921cy-470m_p3/_a921cy-470m_p3_640x480_top.jpg,189576581-114-_a921cy-470m_p3,top,1,189576581-114-_a921cy-470m_p3
/Users/tanishqjadhav/Desktop/Extractor/data/raw/189576581-114-_a921cy-470m_p3/_a921cy-470m_p3_640x480_iso.jpg,189576581-114-_a921cy-470m_p3,iso,1,189576581-114-_a921cy-470m_p3
/Users/tanishqjadhav/Desktop/Extractor/data/raw/189576581-114-_a921cy-470m_p3/_a921cy-470m_p3_640x480_left.jpg,189576581-114-_a921cy-470m_p3,left,1,189576581-114-_a921cy-470m_p3
/Users/tanishqjadhav/Desktop/Extractor/data/raw/189576581-114-_a921cy-470m_p3/_a921cy-470m_p3_640x480_bottom.jpg,189576581-114-_a921cy-470m_p3,bottom,1,189576581-114-_a921cy-470m_p3
/Users/tanishqjadhav/Desktop/Extractor/data/raw/189576581-114-_a921cy-470m_p3/_a921cy-470m_p3_640x480_right.jpg,189576581-114-_a921cy-470m_p3,right,1,189576581-114-_a921cy-470m_p3
/Users/tanishqjadhav/Desktop/Extractor/data/raw/189576581-114-_a921cy-470m_p3/_a921cy-470m_p3_640x480_front.jpg,189576581-114-_a921cy-470m_p3,front,1,189576581-114-_a921cy-470m_p3
/Users/tanishqjadhav/Desktop/Extractor/data/raw/189576581-114-_a921cy-470m_p3/_a921cy-470m_p3_640x480_back.jpg,189576581-114-_a921cy-470m_p3,back,14,189576856-34-13c004004
/Users/tanishqjadhav/Desktop/Extractor/data/raw/189576149-114-7076231/7076231_640x480_top.jpg,189576149-114-7076231,top,1,189576149-114-7076231
/Users/tanishqjadhav/Desktop/Extractor/data/raw/189576149-114-7076231/7076231_640x480_right.jpg,189576149-114-7076231,right,1,189576149-114-7076231
/Users/tanishqjadhav/Desktop/Extractor/data/raw/189576149-114-7076231/7076231_640x480_front.jpg,189576149-114-7076231,front,1,189576149-114-7076231
/Users/tanishqjadhav/Desktop/Extractor/data/raw/189576149-114-7076231/7076231_640x480_iso.jpg,189576149-114-7076231,iso,1,189576149-114-7076231
/Users/tanishqjadhav/Desktop/Extractor/data/raw/189576149-114-7076231/7076231_640x480_left.jpg,189576149-114-7076231,left,1,189576149-114-7076231
/Users/tanishqjadhav/Desktop/Extractor/data/raw/189576149-114-7076231/7076231_640x480_bottom.jpg,189576149-114-7076231,bottom,1,189576149-114-7076231
/Users/tanishqjadhav/Desktop/Extractor/data/raw/189576149-114-7076231/7076231_640x480_back.jpg,189576149-114-7076231,back,1,189576149-114-7076231
/Users/tanishqjadhav/Desktop/Extractor/data/raw/189576177-114-759407/759407_640x480_back.jpg,189576177-114-759407,back,1,189576177-114-759407
/Users/tanishqjadhav/Desktop/Extractor/data/raw/189576177-114-759407/759407_640x480_iso.jpg,189576177-114-759407,iso,2,189576205-114-119351
/Users/tanishqjadhav/Desktop/Extractor/data/raw/189576177-114-759407/759407_640x480_front.jpg,189576177-114-759407,front,1,189576177-114-759407
/Users/tanishqjadhav/Desktop/Extractor/data/raw/189576177-114-759407/759407_640x480_right.jpg,189576177-114-759407,right,1,189576177-114-759407
/Users/tanishqjadhav/Desktop/Extractor/data/raw/189576177-114-759407/759407_640x480_bottom.jpg,189576177-114-759407,bottom,27,189576205-114-119351
/Users/tanishqjadhav/Desktop/Extractor/data/raw/189576177-114-759407/759407_640x480_left.jpg,189576177-114-759407,left,1,189576177-114-759407
/Users/tanishqjadhav/Desktop/Extractor/data/raw/189576177-114-759407/759407_640x480_top.jpg,189576177-114-759407,top,24,189576740-34-40_t_shafts_adp416c
/Users/tanishqjadhav/Desktop/Extractor/data/raw/189576026-114-70258696/70258696_640x480_back.jpg,189576026-114-70258696,back,26,189576183-34-ylat8x17-c1
/Users/tanishqjadhav/Desktop/Extractor/data/raw/189576026-114-70258696/70258696_640x480_bottom.jpg,189576026-114-70258696,bottom,1,189576026-114-70258696
/Users/tanishqjadhav/Desktop/Extractor/data/raw/189576026-114-70258696/70258696_640x480_left.jpg,189576026-114-70258696,left,1,189576026-114-70258696
/Users/tanishqjadhav/Desktop/Extractor/data/raw/189576026-114-70258696/70258696_640x480_iso.jpg,189576026-114-70258696,iso,11,189576740-34-40_t_shafts_adp416c
/Users/tanishqjadhav/Desktop/Extractor/data/raw/189576026-114-70258696/70258696_640x480_front.jpg,189576026-114-70258696,front,33,189576740-34-40_t_shafts_adp416c
/Users/tanishqjadhav/Desktop/Extractor/data/raw/189576026-114-70258696/70258696_640x480_right.jpg,189576026-114-70258696,right,1,189576026-114-70258696
/Users/tanishqjadhav/Desktop/Extractor/data/raw/189576026-114-70258696/70258696_640x480_top.jpg,189576026-114-70258696,top,3,189576172-34-ylbt8x20-c1
/Users/tanishqjadhav/Desktop/Extractor/data/raw/189576293-114-01401215/01401215_640x480_bottom.jpg,189576293-114-01401215,bottom,1,189576293-114-01401215
/Users/tanishqjadhav/Desktop/Extractor/data/raw/189576293-114-01401215/01401215_640x480_iso.jpg,189576293-114-01401215,iso,1,189576293-114-01401215
/Users/tanishqjadhav/Desktop/Extractor/data/raw/189576293-114-01401215/01401215_640x480_top.jpg,189576293-114-01401215,top,1,189576293-114-01401215
/Users/tanishqjadhav/Desktop/Extractor/data/raw/189576293-114-01401215/01401215_640x480_back.jpg,189576293-114-01401215,back,1,189576293-114-01401215
/Users/tanishqjadhav/Desktop/Extractor/data/raw/189576293-114-01401215/01401215_640x480_right.jpg,189576293-114-01401215,right,1,189576293-114-01401215
/Users/tanishqjadhav/Desktop/Extractor/data/raw/189576293-114-01401215/01401215_640x480_front.jpg,189576293-114-01401215,front,1,189576293-114-01401215
/Users/tanishqjadhav/Desktop/Extractor/data/raw/189576293-114-01401215/01401215_640x480_left.jpg,189576293-114-01401215,left,1,189576293-114-01401215
/Users/tanishqjadhav/Desktop/Extractor/data/raw/189576534-114-70027399/70027399_640x480_top.jpg,189576534-114-70027399,top,1,189576534-114-70027399
/Users/tanishqjadhav/Desktop/Extractor/data/raw/189576534-114-70027399/70027399_640x480_right.jpg,189576534-114-70027399,right,1,189576534-114-70027399
/Users/tanishqjadhav/Desktop/Extractor/data/raw/189576534-114-70027399/70027399_640x480_front.jpg,189576534-114-70027399,front,5,189576478-114-70996524
/Users/tanishqjadhav/Desktop/Extractor/data/raw/189576534-114-70027399/70027399_640x480_bottom.jpg,189576534-114-70027399,bottom,1,189576534-114-70027399
/Users/tanishqjadhav/Desktop/Extractor/data/raw/189576534-114-70027399/70027399_640x480_back.jpg,189576534-114-70027399,back,13,189576252-114-fm0v224zf
/Users/tanishqjadhav/Desktop/Extractor/data/raw/189576534-114-70027399/70027399_640x480_iso.jpg,189576534-114-70027399,iso,2,189576175-114-t356a104k035at
/Users/tanishqjadhav/Desktop/Extractor/data/raw/189576534-114-70027399/70027399_640x480_left.jpg,189576534-114-70027399,left,1,189576534-114-70027399
/Users/tanishqjadhav/Desktop/Extractor/data/raw/189576805-114-agb184/agb184_640x480_iso.jpg,189576805-114-agb184,iso,19,189576581-114-_a921cy-470m_p3
/Users/tanishqjadhav/Desktop/Extractor/data/raw/189576805-114-agb184/agb184_640x480_left.jpg,189576805-114-agb184,left,1,189576805-114-agb184
/Users/tanishqjadhav/Desktop/Extractor/data/raw/189576805-114-agb184/agb184_640x480_back.jpg,189576805-114-agb184,back,20,189576534-114-70027399
/Users/tanishqjadhav/Desktop/Extractor/data/raw/189576805-114-agb184/agb184_640x480_top.jpg,189576805-114-agb184,top,1,189576805-114-agb184
/Users/tanishqjadhav/Desktop/Extractor/data/raw/189576805-114-agb184/agb184_640x480_right.jpg,189576805-114-agb184,right,1,189576805-114-agb184
/Users/tanishqjadhav/Desktop/Extractor/data/raw/189576805-114-agb184/agb184_640x480_front.jpg,189576805-114-agb184,front,38,189576353-34-ebdb3-3-3
/Users/tanishqjadhav/Desktop/Extractor/data/raw/189576805-114-agb184/agb184_640x480_bottom.jpg,189576805-114-agb184,bottom,1,189576805-114-agb184
/Users/tanishqjadhav/Desktop/Extractor/data/raw/189576205-114-119351/119351_640x480_iso.jpg,189576205-114-119351,iso,3,189576177-114-759407
/Users/tanishqjadhav/Desktop/Extractor/data/raw/189576205-114-119351/119351_640x480_top.jpg,189576205-114-119351,top,9,189576135-114-als40a222db100
/Users/tanishqjadhav/Desktop/Extractor/data/raw/189576205-114-119351/119351_640x480_back.jpg,189576205-114-119351,back,1,189576205-114-119351
/Users/tanishqjadhav/Desktop/Extractor/data/raw/189576205-114-119351/119351_640x480_left.jpg,189576205-114-119351,left,1,189576205-114-119351
/Users/tanishqjadhav/Desktop/Extractor/data/raw/189576205-114-119351/119351_640x480_bottom.jpg,189576205-114-119351,bottom,22,189576177-114-759407
/Users/tanishqjadhav/Desktop/Extractor/data/raw/189576205-114-119351/119351_640x480_right.jpg,189576205-114-119351,right,1,189576205-114-119351
/Users/tanishqjadhav/Desktop/Extractor/data/raw/189576205-114-119351/119351_640x480_front.jpg,189576205-114-119351,front,1,189576205-114-119351
/Users/tanishqjadhav/Desktop/Extractor/data/raw/189576054-114-ldeia1100ka0n00/ldeia1100ka0n00_640x480_back.jpg,189576054-114-ldeia1100ka0n00,back,1,189576054-114-ldeia1100ka0n00
/Users/tanishqjadhav/Desktop/Extractor/data/raw/189576054-114-ldeia1100ka0n00/ldeia1100ka0n00_640x480_left.jpg,189576054-114-ldeia1100ka0n00,left,1,189576054-114-ldeia1100ka0n00
/Users/tanishqjadhav/Desktop/Extractor/data/raw/189576054-114-ldeia1100ka0n00/ldeia1100ka0n00_640x480_front.jpg,189576054-114-ldeia1100ka0n00,front,1,189576054-114-ldeia1100ka0n00
/Users/tanishqjadhav/Desktop/Extractor/data/raw/189576054-114-ldeia1100ka0n00/ldeia1100ka0n00_640x480_right.jpg,189576054-114-ldeia1100ka0n00,right,1,189576054-114-ldeia1100ka0n00
/Users/tanishqjadhav/Desktop/Extractor/data/raw/189576054-114-ldeia1100ka0n00/ldeia1100ka0n00_640x480_top.jpg,189576054-114-ldeia1100ka0n00,top,1,189576054-114-ldeia1100ka0n00
/Users/tanishqjadhav/Desktop/Extractor/data/raw/189576054-114-ldeia1100ka0n00/ldeia1100ka0n00_640x480_bottom.jpg,189576054-114-ldeia1100ka0n00,bottom,2,189576534-114-70027399
/Users/tanishqjadhav/Desktop/Extractor/data/raw/189576054-114-ldeia1100ka0n00/ldeia1100ka0n00_640x480_iso.jpg,189576054-114-ldeia1100ka0n00,iso,10,189576295-34-n6-30m6
/Users/tanishqjadhav/Desktop/Extractor/data/raw/189576249-114-fg0h104zf/fg0h104zf_640x480_top.jpg,189576249-114-fg0h104zf,top,1,189576249-114-fg0h104zf
/Users/tanishqjadhav/Desktop/Extractor/data/raw/189576249-114-fg0h104zf/fg0h104zf_640x480_iso.jpg,189576249-114-fg0h104zf,iso,1,189576249-114-fg0h104zf
/Users/tanishqjadhav/Desktop/Extractor/data/raw/189576249-114-fg0h104zf/fg0h104zf_640x480_bottom.jpg,189576249-114-fg0h104zf,bottom,4,189576755-34-vw28-la95-a-5_5
/Users/tanishqjadhav/Desktop/Extractor/data/raw/189576249-114-fg0h104zf/fg0h104zf_640x480_left.jpg,189576249-114-fg0h104zf,left,1,189576249-114-fg0h104zf
/Users/tanishqjadhav/Desktop/Extractor/data/raw/189576249-114-fg0h104zf/fg0h104zf_640x480_back.jpg,189576249-114-fg0h104zf,back,1,189576249-114-fg0h104zf
/Users/tanishqjadhav/Desktop/Extractor/data/raw/189576249-114-fg0h104zf/fg0h104zf_640x480_right.jpg,189576249-114-fg0h104zf,right,1,189576249-114-fg0h104zf
/Users/tanishqjadhav/Desktop/Extractor/data/raw/189576249-114-fg0h104zf/fg0h104zf_640x480_front.jpg,189576249-114-fg0h104zf,front,1,189576249-114-fg0h104zf
/Users/tanishqjadhav/Desktop/Extractor/data/raw/189576900-114-mini-excavator_yellow/mini-excavator_yellow_640x480_back.jpg,189576900-114-mini-excavator_yellow,back,1,189576900-114-mini-excavator_yellow
/Users/tanishqjadhav/Desktop/Extractor/data/raw/189576900-114-mini-excavator_yellow/mini-excavator_yellow_640x480_left.jpg,189576900-114-mini-excavator_yellow,left,1,189576900-114-mini-excavator_yellow
/Users/tanishqjadhav/Desktop/Extractor/data/raw/189576900-114-mini-excavator_yellow/mini-excavator_yellow_640x480_bottom.jpg,189576900-114-mini-excavator_yellow,bottom,1,189576900-114-mini-excavator_yellow
/Users/tanishqjadhav/Desktop/Extractor/data/raw/189576900-114-mini-excavator_yellow/mini-excavator_yellow_640x480_top.jpg,189576900-114-mini-excavator_yellow,top,1,189576900-114-mini-excavator_yellow
/Users/tanishqjadhav/Desktop/Extractor/data/raw/189576900-114-mini-excavator_yellow/mini-excavator_yellow_640x480_iso.jpg,189576900-114-mini-excavator_yellow,iso,1,189576900-114-mini-excavator_yellow
/Users/tanishqjadhav/Desktop/Extractor/data/raw/189576900-114-mini-excavator_yellow/mini-excavator_yellow_640x480_right.jpg,189576900-114-mini-excavator_yellow,right,1,189576900-114-mini-excavator_yellow
/Users/tanishqjadhav/Desktop/Extractor/data/raw/189576900-114-mini-excavator_yellow/mini-excavator_yellow_640x480_front.jpg,189576900-114-mini-excavator_yellow,front,1,189576900-114-mini-excavator_yellow
/Users/tanishqjadhav/Desktop/Extractor/data/raw/189576453-114-1859782/1859782_640x480_left.jpg,189576453-114-1859782,left,1,189576453-114-1859782
/Users/tanishqjadhav/Desktop/Extractor/data/raw/189576453-114-1859782/1859782_640x480_back.jpg,189576453-114-1859782,back,4,189576252-114-fm0v224zf
/Users/tanishqjadhav/Desktop/Extractor/data/raw/189576453-114-1859782/1859782_640x480_top.jpg,189576453-114-1859782,top,1,189576453-114-1859782
/Users/tanishqjadhav/Desktop/Extractor/data/raw/189576453-114-1859782/1859782_640x480_bottom.jpg,189576453-114-1859782,bottom,1,189576453-114-1859782
/Users/tanishqjadhav/Desktop/Extractor/data/raw/189576453-114-1859782/1859782_640x480_front.jpg,189576453-114-1859782,front,4,189576088-114-smr5103j100j01l16_5cbulk
/Users/tanishqjadhav/Desktop/Extractor/data/raw/189576453-114-1859782/1859782_640x480_right.jpg,189576453-114-1859782,right,1,189576453-114-1859782
/Users/tanishqjadhav/Desktop/Extractor/data/raw/189576453-114-1859782/1859782_640x480_iso.jpg,189576453-114-1859782,iso,1,189576453-114-1859782
/Users/tanishqjadhav/Desktop/Extractor/data/raw/189576355-114-bpf_24_01/bpf_24_01_640x480_right.jpg,189576355-114-bpf_24_01,right,1,189576355-114-bpf_24_01
/Users/tanishqjadhav/Desktop/Extractor/data/raw/189576355-114-bpf_24_01/bpf_24_01_640x480_front.jpg,189576355-114-bpf_24_01,front,1,189576355-114-bpf_24_01
/Users/tanishqjadhav/Desktop/Extractor/data/raw/189576355-114-bpf_24_01/bpf_24_01_640x480_left.jpg,189576355-114-bpf_24_01,left,1,189576355-114-bpf_24_01
/Users/tanishqjadhav/Desktop/Extractor/data/raw/189576355-114-bpf_24_01/bpf_24_01_640x480_bottom.jpg,189576355-114-bpf_24_01,bottom,1,189576355-114-bpf_24_01
/Users/tanishqjadhav/Desktop/Extractor/data/raw/189576355-114-bpf_24_01/bpf_24_01_640x480_top.jpg,189576355-114-bpf_24_01,top,1,189576355-114-bpf_24_01
/Users/tanishqjadhav/Desktop/Extractor/data/raw/189576355-114-bpf_24_01/bpf_24_01_640x480_back.jpg,189576355-114-bpf_24_01,back,1,189576355-114-bpf_24_01
/Users/tanishqjadhav/Desktop/Extractor/data/raw/189576355-114-bpf_24_01/bpf_24_01_640x480_iso.jpg,189576355-114-bpf_24_01,iso,1,189576355-114-bpf_24_01
/Users/tanishqjadhav/Desktop/Extractor/data/raw/189576478-114-70996524/70996524_640x480_back.jpg,189576478-114-70996524,back,2,189576514-114-71071085
/Users/tanishqjadhav/Desktop/Extractor/data/raw/189576478-114-70996524/70996524_640x480_bottom.jpg,189576478-114-70996524,bottom,1,189576478-114-70996524
/Users/tanishqjadhav/Desktop/Extractor/data/raw/189576478-114-70996524/70996524_640x480_iso.jpg,189576478-114-70996524,iso,2,189576514-114-71071085
/Users/tanishqjadhav/Desktop/Extractor/data/raw/189576478-114-70996524/70996524_640x480_left.jpg,189576478-114-70996524,left,1,189576478-114-70996524
/Users/tanishqjadhav/Desktop/Extractor/data/raw/189576478-114-70996524/70996524_640x480_top.jpg,189576478-114-70996524,top,1,189576478-114-70996524
/Users/tanishqjadhav/Desktop/Extractor/data/raw/189576478-114-70996524/70996524_640x480_right.jpg,189576478-114-70996524,right,1,189576478-114-70996524
/Users/tanishqjadhav/Desktop/Extractor/data/raw/189576478-114-70996524/70996524_640x480_front.jpg,189576478-114-70996524,front,38,189576534-114-70027399
/Users/tanishqjadhav/Desktop/Extractor/data/raw/189576953-114-scherzinger_pumpen_gmbh_co_kg_3030-110-zk63-120/scherzinger_pumpen_gmbh_co_kg_3030-110-zk63-120_640x480_back.jpg,189576953-114-scherzinger_pumpen_gmbh_co_kg_3030-110-zk63-120,back,1,189576953-114-scherzinger_pumpen_gmbh_co_kg_3030-110-zk63-120
/Users/tanishqjadhav/Desktop/Extractor/data/raw/189576953-114-scherzinger_pumpen_gmbh_co_kg_3030-110-zk63-120/scherzinger_pumpen_gmbh_co_kg_3030-110-zk63-120_640x480_bottom.jpg,189576953-114-scherzinger_pumpen_gmbh_co_kg_3030-110-zk63-120,bottom,1,189576953-114-scherzinger_pumpen_gmbh_co_kg_3030-110-zk63-120
/Users/tanishqjadhav/Desktop/Extractor/data/raw/189576953-114-scherzinger_pumpen_gmbh_co_kg_3030-110-zk63-120/scherzinger_pumpen_gmbh_co_kg_3030-110-zk63-120_640x480_left.jpg,189576953-114-scherzinger_pumpen_gmbh_co_kg_3030-110-zk63-120,left,1,189576953-114-scherzinger_pumpen_gmbh_co_kg_3030-110-zk63-120
/Users/tanishqjadhav/Desktop/Extractor/data/raw/189576953-114-scherzinger_pumpen_gmbh_co_kg_3030-110-zk63-120/scherzinger_pumpen_gmbh_co_kg_3030-110-zk63-120_640x480_iso.jpg,189576953-114-scherzinger_pumpen_gmbh_co_kg_3030-110-zk63-120,iso,1,189576953-114-scherzinger_pumpen_gmbh_co_kg_3030-110-zk63-120
/Users/tanishqjadhav/Desktop/Extractor/data/raw/189576953-114-scherzinger_pumpen_gmbh_co_kg_3030-110-zk63-120/scherzinger_pumpen_gmbh_co_kg_3030-110-zk63-120_640x480_right.jpg,189576953-114-scherzinger_pumpen_gmbh_co_kg_3030-110-zk63-120,right,1,189576953-114-scherzinger_pumpen_gmbh_co_kg_3030-110-zk63-120
/Users/tanishqjadhav/Desktop/Extractor/data/raw/189576953-114-scherzinger_pumpen_gmbh_co_kg_3030-110-zk63-120/scherzinger_pumpen_gmbh_co_kg_3030-110-zk63-120_640x480_front.jpg,189576953-114-scherzinger_pumpen_gmbh_co_kg_3030-110-zk63-120,front,1,189576953-114-scherzinger_pumpen_gmbh_co_kg_3030-110-zk63-120
/Users/tanishqjadhav/Desktop/Extractor/data/raw/189576953-114-scherzinger_pumpen_gmbh_co_kg_3030-110-zk63-120/scherzinger_pumpen_gmbh_co_kg_3030-110-zk63-120_640x480_top.jpg,189576953-114-scherzinger_pumpen_gmbh_co_kg_3030-110-zk63-120,top,1,189576953-114-scherzinger_pumpen_gmbh_co_kg_3030-110-zk63-120
/Users/tanishqjadhav/Desktop/Extractor/data/raw/189576464-114-c1-106812/c1-106812_640x480_iso.jpg,189576464-114-c1-106812,iso,7,189576381-34-bouloncem6_20nfe27-312rapp
/Users/tanishqjadhav/Desktop/Extractor/data/raw/189576464-114-c1-106812/c1-106812_640x480_back.jpg,189576464-114-c1-106812,back,1,189576464-114-c1-106812
/Users/tanishqjadhav/Desktop/Extractor/data/raw/189576464-114-c1-106812/c1-106812_640x480_top.jpg,189576464-114-c1-106812,top,1,189576464-114-c1-106812
/Users/tanishqjadhav/Desktop/Extractor/data/raw/189576464-114-c1-106812/c1-106812_640x480_bottom.jpg,189576464-114-c1-106812,bottom,1,189576464-114-c1-106812
/Users/tanishqjadhav/Desktop/Extractor/data/raw/189576464-114-c1-106812/c1-106812_640x480_left.jpg,189576464-114-c1-106812,left,1,189576464-114-c1-106812
/Users/tanishqjadhav/Desktop/Extractor/data/raw/189576464-114-c1-106812/c1-106812_640x480_right.jpg,189576464-114-c1-106812,right,1,189576464-114-c1-106812
/Users/tanishqjadhav/Desktop/Extractor/data/raw/189576464-114-c1-106812/c1-106812_640x480_front.jpg,189576464-114-c1-106812,front,1,189576464-114-c1-106812
/Users/tanishqjadhav/Desktop/Extractor/data/raw/189576400-114-mmq-40125hm/mmq-40125hm_640x480_top.jpg,189576400-114-mmq-40125hm,top,1,189576400-114-mmq-40125hm
/Users/tanishqjadhav/Desktop/Extractor/data/raw/189576400-114-mmq-40125hm/mmq-40125hm_640x480_right.jpg,189576400-114-mmq-40125hm,right,1,189576400-114-mmq-40125hm
/Users/tanishqjadhav/Desktop/Extractor/data/raw/189576400-114-mmq-40125hm/mmq-40125hm_640x480_front.jpg,189576400-114-mmq-40125hm,front,1,189576400-114-mmq-40125hm
/Users/tanishqjadhav/Desktop/Extractor/data/raw/189576400-114-mmq-40125hm/mmq-40125hm_640x480_iso.jpg,189576400-114-mmq-40125hm,iso,7,189576725-34-ptue20
/Users/tanishqjadhav/Desktop/Extractor/data/raw/189576400-114-mmq-40125hm/mmq-40125hm_640x480_left.jpg,189576400-114-mmq-40125hm,left,1,189576400-114-mmq-40125hm
/Users/tanishqjadhav/Desktop/Extractor/data/raw/189576400-114-mmq-40125hm/mmq-40125hm_640x480_bottom.jpg,189576400-114-mmq-40125hm,bottom,1,189576400-114-mmq-40125hm
/Users/tanishqjadhav/Desktop/Extractor/data/raw/189576400-114-mmq-40125hm/mmq-40125hm_640x480_back.jpg,189576400-114-mmq-40125hm,back,1,189576400-114-mmq-40125hm
/Users/tanishqjadhav/Desktop/Extractor/data/raw/189576088-114-smr5103j100j01l16_5cbulk/smr5103j100j01l16_5cbulk_640x480_top.jpg,189576088-114-smr5103j100j01l16_5cbulk,top,13,189576740-34-40_t_shafts_adp416c
/Users/tanishqjadhav/Desktop/Extractor/data/raw/189576088-114-smr5103j100j01l16_5cbulk/smr5103j100j01l16_5cbulk_640x480_back.jpg,189576088-114-smr5103j100j01l16_5cbulk,back,1,189576088-114-smr5103j100j01l16_5cbulk
/Users/tanishqjadhav/Desktop/Extractor/data/raw/189576088-114-smr5103j100j01l16_5cbulk/smr5103j100j01l16_5cbulk_640x480_front.jpg,189576088-114-smr5103j100j01l16_5cbulk,front,2,189576252-114-fm0v224zf
/Users/tanishqjadhav/Desktop/Extractor/data/raw/189576088-114-smr5103j100j01l16_5cbulk/smr5103j100j01l16_5cbulk_640x480_right.jpg,189576088-114-smr5103j100j01l16_5cbulk,right,1,189576088-114-smr5103j100j01l16_5cbulk
/Users/tanishqjadhav/Desktop/Extractor/data/raw/189576088-114-smr5103j100j01l16_5cbulk/smr5103j100j01l16_5cbulk_640x480_bottom.jpg,189576088-114-smr5103j100j01l16_5cbulk,bottom,4,189576805-114-agb184
/Users/tanishqjadhav/Desktop/Extractor/data/raw/189576088-114-smr5103j100j01l16_5cbulk/smr5103j100j01l16_5cbulk_640x480_iso.jpg,189576088-114-smr5103j100j01l16_5cbulk,iso,10,189576252-114-fm0v224zf
/Users/tanishqjadhav/Desktop/Extractor/data/raw/189576088-114-smr5103j100j01l16_5cbulk/smr5103j100j01l16_5cbulk_640x480_left.jpg,189576088-114-smr5103j100j01l16_5cbulk,left,1,189576088-114-smr5103j100j01l16_5cbulk
/Users/tanishqjadhav/Desktop/Extractor/data/raw/189576252-114-fm0v224zf/fm0v224zf_640x480_bottom.jpg,189576252-114-fm0v224zf,bottom,14,189576478-114-70996524
/Users/tanishqjadhav/Desktop/Extractor/data/raw/189576252-114-fm0v224zf/fm0v224zf_640x480_left.jpg,189576252-114-fm0v224zf,left,1,189576252-114-fm0v224zf
/Users/tanishqjadhav/Desktop/Extractor/data/raw/189576252-114-fm0v224zf/fm0v224zf_640x480_back.jpg,189576252-114-fm0v224zf,back,4,"DIN 787 Metric Size, Steel T-Slot Bolts"
/Users/tanishqjadhav/Desktop/Extractor/data/raw/189576252-114-fm0v224zf/fm0v224zf_640x480_front.jpg,189576252-114-fm0v224zf,front,3,189576088-114-smr5103j100j01l16_5cbulk
/Users/tanishqjadhav/Desktop/Extractor/data/raw/189576252-114-fm0v224zf/fm0v224zf_640x480_right.jpg,189576252-114-fm0v224zf,right,1,189576252-114-fm0v224zf
/Users/tanishqjadhav/Desktop/Extractor/data/raw/189576252-114-fm0v224zf/fm0v224zf_640x480_iso.jpg,189576252-114-fm0v224zf,iso,6,189576534-114-70027399
/Users/tanishqjadhav/Desktop/Extractor/data/raw/189576252-114-fm0v224zf/fm0v224zf_640x480_top.jpg,189576252-114-fm0v224zf,top,19,189576054-114-ldeia1100ka0n00
/Users/tanishqjadhav/Desktop/Extractor/data/raw/189576457-114-1334401/1334401_640x480_left.jpg,189576457-114-1334401,left,1,189576457-114-1334401
/Users/tanishqjadhav/Desktop/Extractor/data/raw/189576457-114-1334401/1334401_640x480_front.jpg,189576457-114-1334401,front,1,189576457-114-1334401
/Users/tanishqjadhav/Desktop/Extractor/data/raw/189576457-114-1334401/1334401_640x480_right.jpg,189576457-114-1334401,right,1,189576457-114-1334401
/Users/tanishqjadhav/Desktop/Extractor/data/raw/189576457-114-1334401/1334401_640x480_back.jpg,189576457-114-1334401,back,1,189576457-114-1334401
/Users/tanishqjadhav/Desktop/Extractor/data/raw/189576457-114-1334401/1334401_640x480_bottom.jpg,189576457-114-1334401,bottom,1,189576457-114-1334401
/Users/tanishqjadhav/Desktop/Extractor/data/raw/189576457-114-1334401/1334401_640x480_iso.jpg,189576457-114-1334401,iso,1,189576457-114-1334401
/Users/tanishqjadhav/Desktop/Extractor/data/raw/189576457-114-1334401/1334401_640x480_top.jpg,189576457-114-1334401,top,1,189576457-114-1334401
/Users/tanishqjadhav/Desktop/Extractor/data/raw/189576372-114-inv-0065/inv-0065_640x480_back.jpg,189576372-114-inv-0065,back,1,189576372-114-inv-0065
/Users/tanishqjadhav/Desktop/Extractor/data/raw/189576372-114-inv-0065/inv-0065_640x480_bottom.jpg,189576372-114-inv-0065,bottom,1,189576372-114-inv-0065
/Users/tanishqjadhav/Desktop/Extractor/data/raw/189576372-114-inv-0065/inv-0065_640x480_left.jpg,189576372-114-inv-0065,left,1,189576372-114-inv-0065
/Users/tanishqjadhav/Desktop/Extractor/data/raw/189576372-114-inv-0065/inv-0065_640x480_iso.jpg,189576372-114-inv-0065,iso,4,189576400-114-mmq-40125hm
/Users/tanishqjadhav/Desktop/Extractor/data/raw/189576372-114-inv-0065/inv-0065_640x480_front.jpg,189576372-114-inv-0065,front,1,189576372-114-inv-0065
/Users/tanishqjadhav/Desktop/Extractor/data/raw/189576372-114-inv-0065/inv-0065_640x480_right.jpg,189576372-114-inv-0065,right,1,189576372-114-inv-0065
/Users/tanishqjadhav/Desktop/Extractor/data/raw/189576372-114-inv-0065/inv-0065_640x480_top.jpg,189576372-114-inv-0065,top,1,189576372-114-inv-0065
/Users/tanishqjadhav/Desktop/Extractor/data/raw/189576135-114-als40a222db100/als40a222db100_640x480_left.jpg,189576135-114-als40a222db100,left,1,189576135-114-als40a222db100
/Users/tanishqjadhav/Desktop/Extractor/data/raw/189576135-114-als40a222db100/als40a222db100_640x480_front.jpg,189576135-114-als40a222db100,front,1,189576135-114-als40a222db100
/Users/tanishqjadhav/Desktop/Extractor/data/raw/189576135-114-als40a222db100/als40a222db100_640x480_right.jpg,189576135-114-als40a222db100,right,1,189576135-114-als40a222db100
/Users/tanishqjadhav/Desktop/Extractor/data/raw/189576135-114-als40a222db100/als40a222db100_640x480_back.jpg,189576135-114-als40a222db100,back,1,189576135-114-als40a222db100
/Users/tanishqjadhav/Desktop/Extractor/data/raw/189576135-114-als40a222db100/als40a222db100_640x480_top.jpg,189576135-114-als40a222db100,top,4,189576249-114-fg0h104zf
/Users/tanishqjadhav/Desktop/Extractor/data/raw/189576135-114-als40a222db100/als40a222db100_640x480_iso.jpg,189576135-114-als40a222db100,iso,1,189576135-114-als40a222db100
/Users/tanishqjadhav/Desktop/Extractor/data/raw/189576135-114-als40a222db100/als40a222db100_640x480_bottom.jpg,189576135-114-als40a222db100,bottom,14,189576740-34-40_t_shafts_adp416c
/Users/tanishqjadhav/Desktop/Extractor/data/raw/189576716-114-rm510-hcv-rcv-brake/rm510-hcv-rcv-brake_640x480_bottom.jpg,189576716-114-rm510-hcv-rcv-brake,bottom,1,189576716-114-rm510-hcv-rcv-brake
/Users/tanishqjadhav/Desktop/Extractor/data/raw/189576716-114-rm510-hcv-rcv-brake/rm510-hcv-rcv-brake_640x480_left.jpg,189576716-114-rm510-hcv-rcv-brake,left,1,189576716-114-rm510-hcv-rcv-brake
/Users/tanishqjadhav/Desktop/Extractor/data/raw/189576716-114-rm510-hcv-rcv-brake/rm510-hcv-rcv-brake_640x480_top.jpg,189576716-114-rm510-hcv-rcv-brake,top,1,189576716-114-rm510-hcv-rcv-brake
/Users/tanishqjadhav/Desktop/Extractor/data/raw/189576716-114-rm510-hcv-rcv-brake/rm510-hcv-rcv-brake_640x480_front.jpg,189576716-114-rm510-hcv-rcv-brake,front,1,189576716-114-rm510-hcv-rcv-brake
/Users/tanishqjadhav/Desktop/Extractor/data/raw/189576716-114-rm510-hcv-rcv-brake/rm510-hcv-rcv-brake_640x480_right.jpg,189576716-114-rm510-hcv-rcv-brake,right,1,189576716-114-rm510-hcv-rcv-brake
/Users/tanishqjadhav/Desktop/Extractor/data/raw/189576716-114-rm510-hcv-rcv-brake/rm510-hcv-rcv-brake_640x480_back.jpg,189576716-114-rm510-hcv-rcv-brake,back,1,189576716-114-rm510-hcv-rcv-brake
/Users/tanishqjadhav/Desktop/Extractor/data/raw/189576716-114-rm510-hcv-rcv-brake/rm510-hcv-rcv-brake_640x480_iso.jpg,189576716-114-rm510-hcv-rcv-brake,iso,1,189576716-114-rm510-hcv-rcv-brake
/Users/tanishqjadhav/Desktop/Extractor/data/raw/189576175-114-t356a104k035at/t356a104k035at_640x480_iso.jpg,189576175-114-t356a104k035at,iso,1,189576175-114-t356a104k035at
/Users/tanishqjadhav/Desktop/Extractor/data/raw/189576175-114-t356a104k035at/t356a104k035at_640x480_bottom.jpg,189576175-114-t356a104k035at,bottom,24,189576359-34-ebcob3-6
/Users/tanishqjadhav/Desktop/Extractor/data/raw/189576175-114-t356a104k035at/t356a104k035at_640x480_left.jpg,189576175-114-t356a104k035at,left,1,189576175-114-t356a104k035at
/Users/tanishqjadhav/Desktop/Extractor/data/raw/189576175-114-t356a104k035at/t356a104k035at_640x480_back.jpg,189576175-114-t356a104k035at,back,1,189576175-114-t356a104k035at
/Users/tanishqjadhav/Desktop/Extractor/data/raw/189576175-114-t356a104k035at/t356a104k035at_640x480_top.jpg,189576175-114-t356a104k035at,top,9,189576135-114-als40a222db100
/Users/tanishqjadhav/Desktop/Extractor/data/raw/189576175-114-t356a104k035at/t356a104k035at_640x480_front.jpg,189576175-114-t356a104k035at,front,1,189576175-114-t356a104k035at
/Users/tanishqjadhav/Desktop/Extractor/data/raw/189576175-114-t356a104k035at/t356a104k035at_640x480_right.jpg,189576175-114-t356a104k035at,right,1,189576175-114-t356a104k035at
/Users/tanishqjadhav/Desktop/Extractor/data/raw/189576667-114-2m02/2m02_640x480_back.jpg,189576667-114-2m02,back,1,189576667-114-2m02
/Users/tanishqjadhav/Desktop/Extractor/data/raw/189576667-114-2m02/2m02_640x480_top.jpg,189576667-114-2m02,top,1,189576667-114-2m02
/Users/tanishqjadhav/Desktop/Extractor/data/raw/189576667-114-2m02/2m02_640x480_bottom.jpg,189576667-114-2m02,bottom,1,189576667-114-2m02
/Users/tanishqjadhav/Desktop/Extractor/data/raw/189576667-114-2m02/2m02_640x480_front.jpg,189576667-114-2m02,front,1,189576667-114-2m02
/Users/tanishqjadhav/Desktop/Extractor/data/raw/189576667-114-2m02/2m02_640x480_right.jpg,189576667-114-2m02,right,1,189576667-114-2m02
/Users/tanishqjadhav/Desktop/Extractor/data/raw/189576667-114-2m02/2m02_640x480_iso.jpg,189576667-114-2m02,iso,3,189576149-114-7076231
/Users/tanishqjadhav/Desktop/Extractor/data/raw/189576667-114-2m02/2m02_640x480_left.jpg,189576667-114-2m02,left,1,189576667-114-2m02
